Date,Open,High,Low,Close,Adj Close,Volume,Day
2018-09-26,15.93,15.93,15.88,15.9,15.51136,3600,0
2018-09-27,15.92,15.92,15.84,15.9,15.51136,4700,1
2018-09-28,15.82,15.9,15.82,15.833,15.445997,1400,2
2018-10-01,15.92,15.95,15.838,15.866,15.478191,5000,3
2018-10-02,15.81,15.81,15.626,15.626,15.244057,8200,4
2018-10-03,15.725,15.75,15.7,15.74,15.35527,5900,5
2018-10-04,15.72,15.72,15.317,15.399,15.022607,8300,6
2018-10-05,15.36,15.49,15.143,15.31,14.935781,26500,7
2018-10-08,15.24,15.3,14.95,15.13,14.76018,241100,8
2018-10-09,15.05,15.109,14.95,14.995,14.628481,7900,9
2018-10-10,15.04,15.04,14.3,14.3,13.950468,16400,10
2018-10-11,14.24,14.281,14.02,14.177,13.830476,9300,11
2018-10-12,14.46,14.575,14.39,14.575,14.218746,17300,12
2018-10-15,14.55,14.55,14.322,14.455,14.101679,4600,13
2018-10-16,14.579,14.82,14.579,14.82,14.457758,3200,14
2018-10-17,14.96,14.96,14.74,14.86,14.496779,54800,15
2018-10-18,14.79,14.79,14.4,14.44,14.087047,700,16
2018-10-19,14.49,14.518,14.255,14.31,13.960225,3600,17
2018-10-22,14.41,14.41,14.22,14.41,14.05778,19700,18
2018-10-23,14.13,14.338,13.991,14.338,13.98754,6600,19
2018-10-24,14.2,14.252,13.53,13.53,13.199288,10700,20
2018-10-25,13.68,13.94,13.68,13.91,13.570003,16700,21
2018-10-26,13.42,13.75,13.35,13.632,13.298798,10000,22
2018-10-29,13.71,13.73,13.009,13.18,12.857844,9500,23
2018-10-30,13.18,13.47,13.18,13.465,13.135879,36600,24
2018-10-31,13.91,13.91,13.82,13.91,13.570003,2900,25
2018-11-01,13.99,14.16,13.82,14.16,13.81389,23000,26
2018-11-02,14.22,14.29,14.012,14.06,13.716334,15600,27
2018-11-05,13.988,14.039,13.95,13.991,13.649021,1200,28
2018-11-06,14.143,14.2,14.02,14.05,13.706579,6000,29
2018-11-07,14.22,14.5,14.22,14.5,14.145579,21100,30
2018-11-08,14.51,14.51,14.3,14.318,13.968028,8800,31
2018-11-09,14.25,14.25,13.97,14.1,13.755358,8100,32
2018-11-12,13.63,13.684,13.63,13.684,13.349525,5600,33
2018-11-13,13.7,13.826,13.7,13.826,13.488053,1100,34
2018-11-14,13.822,13.84,13.68,13.76,13.423667,7100,35
2018-11-15,13.76,13.988,13.64,13.988,13.646095,31900,36
2018-11-16,13.87,13.91,13.776,13.91,13.570003,33400,37
2018-11-19,13.9,13.9,13.23,13.23,12.906623,11300,38
2018-11-20,12.96,13.3,12.926,13.113,12.792482,17100,39
2018-11-21,13.39,13.42,13.349,13.38,13.052956,6100,40
2018-11-23,13.36,13.37,13.321,13.37,13.0432,1300,41
2018-11-26,13.6,13.66,13.516,13.66,13.326112,14900,42
2018-11-27,13.51,13.62,13.5,13.59,13.257824,21300,43
2018-11-28,13.87,14.12,13.71,14.07,13.726089,80300,44
2018-11-29,14,14.12,13.91,14.09,13.745604,39400,45
2018-11-30,14.1,14.23,14,14.2,13.852913,19300,46
2018-12-03,14.53,14.54,14.388,14.5,14.145579,4000,47
2018-12-04,14.39,14.39,13.91,13.91,13.570003,4200,48
2018-12-06,13.68,13.872,13.58,13.872,13.53293,2200,49
2018-12-07,13.95,14.055,13.63,13.63,13.296844,1400,50
2018-12-10,13.63,13.76,13.48,13.74,13.404157,22900,51
2018-12-11,13.92,13.95,13.705,13.86,13.521222,26400,52
2018-12-12,14.049,14.15,14.049,14.11,13.765112,7600,53
2018-12-13,14.11,14.11,13.87,13.92,13.579757,13500,54
2018-12-14,13.75,13.83,13.65,13.663,13.329039,17000,55
2018-12-17,13.55,13.57,13.15,13.19,12.867599,12200,56
2018-12-18,13.361,13.421,13.3,13.359,13.032471,2400,57
2018-12-19,13.47,13.55,13.145,13.145,12.8237,24000,58
2018-12-20,13.11,13.14,12.73,12.89,12.574934,6800,59
2018-12-21,12.911,12.911,12.55,12.565,12.257875,2100,60
2018-12-24,12.46,12.46,12.24,12.246,11.946673,3400,61
2018-12-26,12.19,12.76,12.19,12.76,12.44811,26600,62
2018-12-27,12.6,12.63,12.6,12.63,12.321287,600,63
2018-12-28,12.89,13.058,12.79,12.84,12.590954,8600,64
2018-12-31,12.999,12.999,12.85,12.86,12.610564,7800,65
2019-01-02,12.69,13.09,12.69,13.01,12.757657,8300,66
2019-01-03,12.85,12.87,12.67,12.67,12.424253,2500,67
2019-01-04,12.82,13.24,12.8,13.18,12.924359,10800,68
2019-01-07,13.25,13.5,13.2,13.43,13.169512,10700,69
2019-01-08,13.54,13.61,13.36,13.56,13.296988,9700,70
2019-01-09,13.683,13.75,13.683,13.695,13.42937,8000,71
2019-01-10,13.72,13.78,13.56,13.77,13.502914,11800,72
2019-01-11,13.71,13.81,13.66,13.79,13.522529,22600,73
2019-01-14,13.68,13.732,13.59,13.67,13.404855,11000,74
2019-01-15,13.7,13.9,13.7,13.88,13.610782,10100,75
2019-01-16,13.87,13.955,13.845,13.87,13.600975,13300,76
2019-01-17,13.77,14.04,13.76,13.97,13.699037,50500,77
2019-01-18,14.05,14.28,14.05,14.18,13.904963,15100,78
2019-01-22,14.17,14.17,13.86,13.92,13.650006,9000,79
2019-01-23,14.04,14.12,13.82,13.94,13.669617,22000,80
2019-01-24,14.07,14.094,13.96,14.08,13.806902,10800,81
2019-01-25,14.18,14.39,14.17,14.34,14.061861,14200,82
2019-01-28,14.24,14.24,14.131,14.224,13.94811,13300,83
2019-01-29,14.17,14.18,14.01,14.03,13.757874,12900,84
2019-01-30,14.11,14.413,14.105,14.36,14.081471,12800,85
2019-01-31,14.37,14.62,14.37,14.55,14.267787,13200,86
2019-02-01,14.68,14.69,14.647,14.647,14.362906,8700,87
2019-02-04,14.65,14.86,14.65,14.811,14.523724,4000,88
2019-02-05,14.89,14.99,14.88,14.989,14.698272,4600,89
2019-02-06,15.05,15.05,14.928,14.98,14.689445,3000,90
2019-02-07,14.86,14.86,14.6,14.688,14.40311,102500,91
2019-02-08,14.66,14.731,14.65,14.731,14.445276,1400,92
2019-02-11,14.85,14.87,14.821,14.87,14.58158,1200,93
2019-02-12,14.94,15.05,14.94,15.05,14.758087,10100,94
2019-02-13,15.12,15.12,15.015,15.015,14.723767,5400,95
2019-02-14,15.001,15.08,14.98,15.04,14.748282,9800,96
2019-02-15,15.09,15.12,15.071,15.083,14.790449,2100,97
2019-02-19,15.01,15.236,15.01,15.236,14.940481,2700,98
2019-02-20,15.27,15.3,15.15,15.19,14.895372,19300,99
2019-02-21,15.21,15.23,15.119,15.17,14.875761,4300,100
2019-02-22,15.325,15.368,15.3,15.317,15.019911,7900,101
2019-02-25,15.58,15.6,15.45,15.5,15.19936,67500,102
2019-02-26,15.44,15.5,15.421,15.5,15.19936,4600,103
2019-02-27,15.44,15.45,15.31,15.45,15.150331,26700,104
2019-02-28,15.38,15.44,15.362,15.4,15.101299,5900,105
2019-03-01,15.48,15.55,15.45,15.46,15.160136,7700,106
2019-03-04,15.6,15.6,15.14,15.33,15.032657,10900,107
2019-03-05,15.43,15.44,15.32,15.4,15.101299,123100,108
2019-03-06,15.39,15.39,15.27,15.27,14.973821,16700,109
2019-03-07,15.27,15.27,15.02,15.04,14.748282,17000,110
2019-03-08,14.91,14.98,14.87,14.93,14.640417,19500,111
2019-03-11,15.04,15.38,15.04,15.38,15.081686,7700,112
2019-03-12,15.48,15.48,15.35,15.4,15.101299,6400,113
2019-03-13,15.51,15.65,15.51,15.56,15.258198,19000,114
2019-03-14,15.56,15.569,15.5,15.505,15.204264,7100,115
2019-03-15,15.5,15.64,15.5,15.56,15.258198,10900,116
2019-03-18,15.65,15.67,15.47,15.55,15.24839,102500,117
2019-03-19,15.72,15.76,15.66,15.734,15.428822,37300,118
2019-03-20,15.8,15.8,15.59,15.7,15.395481,20100,119
2019-03-21,15.76,16.030001,15.76,16.030001,15.719082,18100,120
2019-03-22,16.030001,16.030001,15.67,15.67,15.366064,31100,121
2019-03-25,15.51,15.6,15.489,15.592,15.289575,18700,122
2019-03-26,15.7,15.84,15.64,15.64,15.336645,37600,123
2019-03-27,15.72,15.72,15.421,15.508,15.207206,6700,124
2019-03-28,15.505,15.573,15.474,15.52,15.218974,5600,125
2019-03-29,15.66,15.76,15.66,15.74,15.434705,53700,126
2019-04-01,15.87,16.040001,15.85,16.030001,15.719082,21900,127
2019-04-02,16.08,16.08,15.95,16.01,15.699469,14100,128
2019-04-03,16.24,16.24,16.15,16.172001,15.858329,20700,129
2019-04-04,16.26,16.26,15.91,16.02,15.709276,53600,130
2019-04-05,16.17,16.17,16.110001,16.15,15.836753,10200,131
2019-04-08,16.110001,16.219999,16.1,16.212999,15.898532,11300,132
2019-04-09,16.27,16.27,16.1,16.110001,15.797531,45500,133
2019-04-10,16.209999,16.290001,16.209999,16.24,15.925008,3700,134
2019-04-11,16.360001,16.360001,16.24,16.25,15.934812,23200,135
2019-04-12,16.379999,16.4,16.299999,16.379999,16.062292,12100,136
2019-04-15,16.440001,16.440001,16.233999,16.325001,16.00836,26200,137
2019-04-16,16.4,16.450001,16.360001,16.450001,16.130932,14600,138
2019-04-17,16.639999,16.639999,16.458,16.482,16.162313,25800,139
2019-04-18,16.559999,16.559999,16.415001,16.499001,16.178984,12900,140
2019-04-22,16.51,16.629,16.459999,16.58,16.258415,11800,141
2019-04-23,16.709999,16.93,16.700001,16.9,16.572205,10500,142
2019-04-24,16.940001,16.940001,16.799999,16.83,16.503563,7700,143
2019-04-25,16.84,16.84,16.620001,16.77,16.444729,10400,144
2019-04-26,16.67,16.722,16.540001,16.68,16.356472,15900,145
2019-04-29,16.83,16.83,16.76,16.816999,16.490816,9100,146
2019-04-30,16.799999,16.830999,16.709999,16.799999,16.474146,7200,147
2019-05-01,16.93,16.93,16.740999,16.740999,16.416294,8800,148
2019-05-02,16.73,16.780001,16.51,16.690001,16.36628,21000,149
2019-05-03,16.74,16.905001,16.74,16.905001,16.57711,22600,150
2019-05-06,16.5,16.790001,16.5,16.790001,16.46434,12100,151
2019-05-07,16.59,16.6,16.26,16.32,16.003452,27200,152
2019-05-08,16.5,16.514999,16.379999,16.49,16.170158,13100,153
2019-05-09,16.49,16.49,16.021,16.370001,16.052488,18400,154
2019-05-10,16.290001,16.4,16.24,16.374001,16.05641,5200,155
2019-05-13,16.040001,16.040001,15.782,15.83,15.52296,17200,156
2019-05-14,15.84,16.1,15.83,16.040001,15.728886,46100,157
2019-05-15,16,16.259001,16,16.23,15.915199,26600,158
2019-05-16,16.18,16.465,16.18,16.370001,16.052488,7900,159
2019-05-17,16.18,16.27,16,16,15.689663,9800,160
2019-05-20,15.87,15.87,15.68,15.74,15.434705,10200,161
2019-05-21,15.88,15.97,15.88,15.93,15.621021,10400,162
2019-05-22,15.93,15.93,15.8,15.87,15.562184,10900,163
2019-05-23,15.63,15.63,15.35,15.469,15.168962,10700,164
2019-05-24,15.48,15.6,15.46,15.48,15.179747,8700,165
2019-05-28,15.47,15.624,15.467,15.467,15.167001,8100,166
2019-05-29,15.4,15.4,15.24,15.24,14.944403,36000,167
2019-05-30,15.26,15.4,15.26,15.35,15.052271,4400,168
2019-05-31,15.135,15.277,15.135,15.165,14.870858,5000,169
2019-06-03,15.25,15.25,14.87,14.87,14.58158,19100,170
2019-06-04,15,15.31,15,15.307,15.010102,14000,171
2019-06-05,15.48,15.48,15.34,15.45,15.150331,2300,172
2019-06-06,15.41,15.495,15.39,15.495,15.194458,2600,173
2019-06-07,15.721,15.81,15.721,15.791,15.484715,4000,174
2019-06-10,16,16.093,15.94,16.01,15.699469,22800,175
2019-06-11,16.030001,16.049999,15.793,15.86,15.552377,30300,176
2019-06-12,15.762,15.8,15.753,15.8,15.49354,1700,177
2019-06-13,15.827,15.833,15.8,15.823,15.516095,4200,178
2019-06-14,15.82,15.82,15.701,15.751,15.445492,3400,179
2019-06-17,15.83,15.83,15.77,15.795,15.488639,10000,180
2019-06-18,15.88,16.174999,15.88,16.1,15.787721,4500,181
2019-06-19,16.24,16.24,16.02,16.18,15.866174,25800,182
2019-06-20,16.42,16.474001,16.330999,16.450001,16.130932,8700,183
2019-06-21,16.32,16.389999,16.27,16.290001,15.974039,124500,184
2019-06-24,16.299999,16.360001,16.280001,16.305,15.988747,4000,185
2019-06-25,16.33,16.33,15.96,15.96,15.650438,3900,186
2019-06-26,16.24,16.24,16.148001,16.148001,15.834791,15700,187
2019-06-27,16.1,16.228001,16.1,16.200001,15.939084,5200,188
2019-06-28,16.150999,16.261999,16.150999,16.256001,15.994184,2500,189
2019-07-01,16.620001,16.620001,16.42,16.42,16.155542,7700,190
2019-07-02,16.370001,16.507,16.370001,16.48,16.214573,8400,191
2019-07-03,16.52,16.643999,16.52,16.59,16.322803,5300,192
2019-07-05,16.59,16.641001,16.474001,16.622999,16.355274,12800,193
2019-07-08,16.58,16.58,16.4,16.49,16.224413,10400,194
2019-07-09,16.5,16.639999,16.49,16.59,16.322803,9900,195
2019-07-10,16.620001,16.799,16.620001,16.684999,16.416273,13100,196
2019-07-11,16.809999,16.85,16.719999,16.799999,16.529419,38400,197
2019-07-12,16.799999,16.809999,16.709999,16.809999,16.539259,18900,198
2019-07-15,16.809999,16.905001,16.809999,16.888,16.616003,3100,199
2019-07-16,16.950001,16.950001,16.719999,16.719999,16.450706,14500,200
2019-07-17,16.719999,16.839001,16.719999,16.790001,16.519579,9800,201
2019-07-18,16.719999,16.719999,16.594,16.690001,16.421192,9800,202
2019-07-19,16.809999,16.85,16.67,16.709999,16.440868,13300,203
2019-07-22,16.74,16.815001,16.73,16.805,16.534342,7100,204
2019-07-23,16.85,16.879999,16.75,16.879999,16.60813,7900,205
2019-07-24,16.73,17.055,16.73,17.055,16.780313,8700,206
2019-07-25,17.09,17.09,16.879999,16.91,16.63765,18100,207
2019-07-26,16.969999,17.15,16.969999,17.15,16.873783,10600,208
2019-07-29,17.209999,17.209999,16.889999,17.02,16.745878,11100,209
2019-07-30,16.9,16.924999,16.898001,16.91,16.63765,7100,210
2019-07-31,16.870001,16.870001,16.459999,16.639999,16.371996,12000,211
2019-08-01,16.6,16.905001,16.450001,16.52,16.253933,29100,212
2019-08-02,16.370001,16.370001,16.01,16.122,15.862341,8000,213
2019-08-05,15.76,15.76,15.456,15.55,15.299553,9900,214
2019-08-06,15.63,15.75,15.52,15.7,15.447137,57600,215
2019-08-07,15.44,15.82,15.44,15.805,15.550447,6900,216
2019-08-08,15.98,16.101,15.9,16.101,15.841678,4300,217
2019-08-09,16.02,16.077999,15.88,16.02,15.761984,7400,218
2019-08-12,15.95,15.95,15.8,15.8,15.545527,4000,219
2019-08-13,15.79,16.040001,15.685,16.040001,15.781661,26500,220
2019-08-14,15.671,15.78,15.45,15.505,15.255277,6500,221
2019-08-15,15.451,15.55,15.438,15.498,15.24839,3600,222
2019-08-16,15.58,15.81,15.58,15.78,15.525849,5400,223
2019-08-19,15.95,16.056,15.95,16.01,15.752145,23500,224
2019-08-20,16.049999,16.049999,15.979,15.986,15.728531,2500,225
2019-08-21,16.18,16.209999,16.139999,16.17,15.909567,2500,226
2019-08-22,16.08,16.15,15.975,16.15,15.88989,4100,227
2019-08-23,15.96,16.1,15.61,15.61,15.358586,13600,228
2019-08-26,15.91,15.91,15.721,15.78,15.525849,4700,229
2019-08-27,16,16.129999,15.75,15.8,15.545527,52300,230
2019-08-28,15.701,15.817,15.68,15.76,15.50617,9100,231
2019-08-29,15.9,16.077999,15.9,16.059999,15.801339,5500,232
2019-08-30,16.1,16.136,16.000999,16.1,15.840694,10800,233
2019-09-03,16.030001,16.030001,15.844,15.902,15.645884,5000,234
2019-09-04,16.124001,16.174999,16.075001,16.17,15.909567,20500,235
2019-09-05,16.370001,16.51,16.330999,16.4,16.135862,11300,236
2019-09-06,16.389999,16.48,16.389999,16.41,16.145702,10400,237
2019-09-09,16.35,16.361,16.296,16.34,16.076832,4800,238
2019-09-10,16.299999,16.299999,16.159,16.280001,16.017796,40400,239
2019-09-11,16.379999,16.386,16.32,16.32,16.057152,5500,240
2019-09-12,16.41,16.546,16.4,16.440001,16.17522,7300,241
2019-09-13,16.402,16.440001,16.370001,16.375999,16.112247,5200,242
2019-09-16,16.309999,16.389999,16.299999,16.389999,16.126022,7800,243
2019-09-17,16.290001,16.41,16.290001,16.382999,16.119137,7600,244
2019-09-18,16.33,16.358,16.120001,16.309999,16.047314,17100,245
2019-09-19,16.33,16.51,16.33,16.385,16.121105,10900,246
2019-09-20,16.48,16.48,16.24,16.267,16.005005,1800,247
2019-09-23,16.26,16.27,16.191,16.24,15.978438,7100,248
2019-09-24,16.309999,16.309999,15.83,15.89,15.634077,14400,249
2019-09-25,15.929,16.08,15.77,16.08,15.821018,4500,250
2019-09-26,16.18,16.18,16.044001,16.120001,15.860374,10700,251
2019-09-27,16.08,16.08,15.682,15.682,15.429428,4800,252
2019-09-30,15.92,15.971,15.86,15.971,15.713772,7400,253
2019-10-01,16.023001,16.023001,15.73,15.78,15.525849,7600,254
2019-10-02,15.67,15.67,15.432,15.5,15.250359,6300,255
2019-10-03,15.49,15.732,15.39,15.732,15.478622,2000,256
2019-10-04,15.75,15.909,15.75,15.906,15.64982,1800,257
2019-10-07,15.961,16.02,15.961,15.963,15.705902,4000,258
2019-10-08,15.85,15.85,15.68,15.69,15.437297,51300,259
2019-10-09,15.765,15.859,15.76,15.859,15.603576,4500,260
2019-10-10,15.803,15.9,15.803,15.856,15.600626,1300,261
2019-10-11,16.136999,16.246,16.136,16.136,15.876116,11000,262
2019-10-14,16.190001,16.190001,16.07,16.17,15.909567,4500,263
2019-10-15,16.231001,16.33,16.231001,16.33,16.066994,13300,264
2019-10-16,16.26,16.26,16.129999,16.129999,15.870211,36500,265
2019-10-17,16.139999,16.139999,16.08,16.110001,15.850538,12400,266
2019-10-18,16.1,16.1,15.85,15.898,15.641948,7300,267
2019-10-21,15.95,16.103001,15.95,16.103001,15.843647,3600,268
2019-10-22,16.049999,16.08,15.861,15.861,15.605546,6900,269
2019-10-23,15.859,15.889,15.859,15.868,15.612432,1200,270
2019-10-24,15.935,16.037001,15.935,16.037001,15.778709,2100,271
2019-10-25,16.040001,16.207001,16.040001,16.174999,15.914487,6000,272
2019-10-28,16.34,16.355,16.25,16.34,16.076832,24400,273
2019-10-29,16.370001,16.370001,16.23,16.24,15.978438,17400,274
2019-10-30,16.299999,16.445999,16.280001,16.43,16.165382,13100,275
2019-10-31,16.440001,16.440001,16.200001,16.32,16.057152,4500,276
2019-11-01,16.459999,16.503,16.43,16.5,16.234253,1700,277
2019-11-04,16.66,16.83,16.6,16.83,16.558937,58100,278
2019-11-05,16.75,16.75,16.51,16.549999,16.283449,16800,279
2019-11-06,16.555,16.555,16.5,16.523001,16.256884,2400,280
2019-11-07,16.639999,16.805,16.639999,16.65,16.38184,3900,281
2019-11-08,16.743999,16.783001,16.743999,16.771999,16.501871,5800,282
2019-11-11,16.9,16.9,16.77,16.85,16.578619,20700,283
2019-11-12,16.92,17,16.92,16.92,16.647488,10200,284
2019-11-13,16.91,16.950001,16.85,16.896999,16.624859,15400,285
2019-11-14,16.799999,16.895,16.799999,16.83,16.558937,11500,286
2019-11-15,17,17.025,16.964001,17.025,16.750797,8700,287
2019-11-18,17.09,17.15,16.997999,17.08,16.804913,11000,288
2019-11-19,17.129999,17.139999,17.059999,17.129999,16.854105,12700,289
2019-11-20,17.110001,17.190001,17.02,17.065001,16.790152,9000,290
2019-11-21,17.02,17.089001,17.007,17.014999,16.740957,3200,291
2019-11-22,17.051001,17.115,17.002001,17.115,16.839348,9100,292
2019-11-25,17.25,17.343,17.25,17.32,17.041046,3900,293
2019-11-26,17.261999,17.341,17.261999,17.325001,17.045969,6200,294
2019-11-27,17.42,17.426001,17.35,17.41,17.129595,1800,295
2019-11-29,17.280001,17.355,17.280001,17.312,17.033176,18600,296
2019-12-02,17.41,17.41,16.997999,17.044001,16.769491,11700,297
2019-12-03,16.9,16.975,16.773001,16.975,16.701603,10300,298
2019-12-04,17.049999,17.1,17.032,17.09,16.814751,3200,299
2019-12-05,17.120001,17.120001,17.040001,17.08,16.804913,4700,300
2019-12-06,17.24,17.256001,17.200001,17.219999,16.942654,2700,301
2019-12-09,17.24,17.309,17.129999,17.129999,16.854105,8100,302
2019-12-10,17.200001,17.24,17.135,17.135,16.859026,7500,303
2019-12-11,17.15,17.200001,17.1,17.190001,16.913139,18700,304
2019-12-12,17.25,17.379999,17.25,17.360001,17.080402,8300,305
2019-12-13,17.34,17.559,17.34,17.521999,17.23979,8800,306
2019-12-16,17.66,17.68,17.57,17.584999,17.301777,13400,307
2019-12-17,17.620001,17.700001,17.620001,17.65,17.365732,9700,308
2019-12-18,17.73,17.768,17.66,17.701,17.415909,18100,309
2019-12-19,17.75,17.839001,17.75,17.839001,17.551687,5000,310
2019-12-20,17.9,17.993999,17.9,17.948999,17.659912,9700,311
2019-12-23,18,18.049999,17.973,18.030001,17.739613,9100,312
2019-12-24,18.09,18.09,17.945,18.01,17.719933,7600,313
2019-12-26,18.07,18.129,18.054001,18.075001,17.783886,4700,314
2019-12-27,18.200001,18.200001,18.066,18.08,17.788805,4700,315
2019-12-30,18.1,18.1,17.791,17.839001,17.586704,11500,316
2019-12-31,17.84,17.9,17.785,17.9,17.646843,5900,317
2020-01-02,17.959999,18.309999,17.959999,18.298,18.039215,13900,318
2020-01-03,18.049999,18.247999,18.049999,18.190001,17.932741,9400,319
2020-01-06,18,18.249001,17.969999,18.23,17.972174,20500,320
2020-01-07,18.299999,18.389999,18.24,18.34,18.08062,20300,321
2020-01-08,18.360001,18.5,18.316,18.43,18.169346,9100,322
2020-01-09,18.5,18.68,18.5,18.645,18.381308,40500,323
2020-01-10,18.639999,18.747999,18.610001,18.610001,18.346802,26900,324
2020-01-13,18.610001,18.848,18.610001,18.790001,18.524254,24600,325
2020-01-14,18.84,18.84,18.68,18.809999,18.543972,26300,326
2020-01-15,18.83,18.889999,18.757,18.775,18.509466,13200,327
2020-01-16,18.92,19.02,18.91,18.985001,18.716497,7800,328
2020-01-17,19.049999,19.049999,18.92,18.98,18.711565,37200,329
2020-01-21,19.01,19.01,18.879999,18.915001,18.647488,43500,330
2020-01-22,19.1,19.18,19.1,19.1,18.82987,16800,331
2020-01-23,19.07,19.129999,18.965,19.115,18.844658,15200,332
2020-01-24,19.219999,19.34,18.950001,19.030001,18.760864,18700,333
2020-01-27,18.6,18.715,18.440001,18.594,18.331026,18600,334
2020-01-28,18.66,18.879999,18.65,18.851999,18.585377,43400,335
2020-01-29,18.91,18.92,18.73,18.83,18.563692,31100,336
2020-01-30,18.66,18.719999,18.48,18.719999,18.455244,38600,337
2020-01-31,18.790001,18.790001,18.440001,18.443001,18.182163,14400,338
2020-02-03,18.610001,18.834999,18.610001,18.799999,18.534113,24500,339
2020-02-04,19.030001,19.278999,19.030001,19.25,18.977747,11800,340
2020-02-05,19.530001,19.530001,19.200001,19.295,19.022114,28500,341
2020-02-06,19.280001,19.42,19.23,19.360001,19.086195,23900,342
2020-02-07,19.32,19.32,19.190001,19.200001,18.928455,33400,343
2020-02-10,19.049999,19.379999,19.049999,19.379999,19.105907,24300,344
2020-02-11,19.549999,19.718,19.52,19.572001,19.295198,25000,345
2020-02-12,19.77,19.875,19.729,19.875,19.593912,19600,346
2020-02-13,19.74,19.84,19.6,19.77,19.490398,86200,347
2020-02-14,19.84,19.841999,19.711,19.735001,19.455889,9900,348
2020-02-18,19.73,19.790001,19.636,19.76,19.480534,29500,349
2020-02-19,19.950001,19.969999,19.889999,19.921,19.639256,11000,350
2020-02-20,19.870001,19.93,19.530001,19.76,19.480534,10300,351
2020-02-21,19.67,19.67,19.242001,19.311001,19.037889,22900,352
2020-02-24,18.58,18.719999,18.34,18.620001,18.356661,30100,353
2020-02-25,18.709999,18.834,18,18.075001,17.819368,55500,354
2020-02-26,18.15,18.466999,18.045,18.113001,17.856831,25300,355
2020-02-27,17.780001,17.902,17.41,17.433001,17.186449,57100,356
2020-02-28,16.9,17.4,16.799999,17.15,16.907448,51400,357
2020-03-02,17.6,18.049999,17.35,18.049999,17.794722,18500,358
2020-03-03,18.030001,18.218,17.438999,17.540001,17.291933,42200,359
2020-03-04,17.93,18.120001,17.738001,18.120001,17.863728,14200,360
2020-03-05,17.74,18,17.450001,17.559999,17.311651,19800,361
2020-03-06,17.139999,17.245001,16.82,16.889999,16.651125,14500,362
2020-03-09,15.77,16.507999,15.75,16.030001,15.803289,25500,363
2020-03-10,16.620001,16.809,16.111,16.795,16.55747,24300,364
2020-03-11,16.379999,16.457001,15.8,15.86,15.635694,16600,365
2020-03-12,14.99,15.182,14.35,14.45,14.245635,21400,366
2020-03-13,15.08,15.46,14.448,15.46,15.241351,21200,367
2020-03-16,12.89,14.15,12.75,13.94,13.742847,82500,368
2020-03-17,13.9,14.45,13.532,14.3,14.097755,12300,369
2020-03-18,13.35,13.97,12.96,13.57,13.378081,42600,370
2020-03-19,13.5,14.34,13.413,14.011,13.812844,63100,371
2020-03-20,14.4,14.62,13.88,13.88,13.683696,27000,372
2020-03-23,13.8,14.14,13.55,13.99,13.792141,10500,373
2020-03-24,14.64,14.98,14.64,14.952,14.740535,26700,374
2020-03-25,15.25,15.629,14.922,15.156,14.94165,33600,375
2020-03-26,15.23,15.931,15.23,15.931,15.705688,32800,376
2020-03-27,15.32,15.68,15.209,15.61,15.389229,7400,377
2020-03-30,15.53,15.785,15.452,15.7,15.477956,6200,378
2020-03-31,15.69,15.966,15.59,15.59,15.369512,8900,379
2020-04-01,15.13,15.246,14.86,14.86,14.649837,15000,380
2020-04-02,15.01,15.2,14.821,15.06,14.847008,18100,381
2020-04-03,15.04,15.669,14.64,14.94,14.728704,29000,382
2020-04-06,15.37,16.039,15.36,15.992,15.765825,13000,383
2020-04-07,16.540001,16.549999,16,16,15.773714,11300,384
2020-04-08,16.129999,16.379999,16,16.323999,16.093132,8100,385
2020-04-09,16.5,16.57,16.290001,16.290001,16.05961,8100,386
2020-04-13,16.209999,16.48,16.200001,16.48,16.246922,7600,387
2020-04-14,16.719999,17.200001,16.719999,17.200001,16.956741,117100,388
2020-04-15,16.860001,16.9,16.68,16.809999,16.572256,7800,389
2020-04-16,16.940001,17.200001,16.940001,17.108999,16.867031,10600,390
2020-04-17,17.360001,17.450001,17.252001,17.41,17.163773,11000,391
2020-04-20,17.24,17.58,17.23,17.360001,17.114481,38700,392
2020-04-21,17.08,17.08,16.549999,16.681999,16.446068,11700,393
2020-04-22,17.07,17.34,17.02,17.290001,17.045469,35600,394
2020-04-23,17.292,17.399,17.184999,17.219999,16.976458,7000,395
2020-04-24,17.18,17.42,17.044001,17.42,17.17363,15800,396
2020-04-27,17.6,17.691,17.549999,17.549999,17.301792,25900,397
2020-04-28,17.83,17.83,17.35,17.49,17.242641,27700,398
2020-04-29,17.73,18.09,17.65,18.000999,17.746412,14600,399
2020-04-30,17.934999,18.059999,17.75,17.85,17.597549,38300,400
2020-05-01,17.459999,17.52,17.200001,17.274,17.029696,8400,401
2020-05-04,17.129999,17.540001,17.129999,17.540001,17.291933,6900,402
2020-05-05,17.59,17.878,17.59,17.83,17.577833,8100,403
2020-05-06,17.799999,18,17.75,17.9,17.646843,34000,404
2020-05-07,18.049999,18.35,18.049999,18.24,17.982033,33400,405
2020-05-08,18.379999,18.599001,18.34,18.511,18.249199,11000,406
2020-05-11,18.530001,18.790001,18.49,18.74,18.474962,15700,407
2020-05-12,18.83,18.83,18.360001,18.417999,18.157515,66900,408
2020-05-13,18.32,18.459999,17.870001,18.066,17.810499,25100,409
2020-05-14,17.870001,18.190001,17.68,18.16,17.903164,59600,410
2020-05-15,17.98,18.336,17.98,18.327999,18.068787,8000,411
2020-05-18,18.799999,18.93,18.705,18.92,18.652418,14100,412
2020-05-19,18.860001,19.07,18.860001,18.969999,18.701706,16600,413
2020-05-20,19.059999,19.315001,19.059999,19.216999,18.945213,12900,414
2020-05-21,19.290001,19.34,19,19.097,18.826914,23700,415
2020-05-22,18.940001,19.110001,18.870001,19.02,18.751003,18900,416
2020-05-26,19.65,19.65,19.02,19.059999,18.790434,29200,417
2020-05-27,19,19.15,18.52,19.108999,18.838741,25600,418
2020-05-28,19.110001,19.461,19.02,19.15,18.879162,9600,419
2020-05-29,19.200001,19.532,19.15,19.490999,19.215342,11000,420
2020-06-01,19.58,19.73,19.458,19.66,19.38195,19700,421
2020-06-02,19.719999,19.77,19.535,19.75,19.470676,8500,422
2020-06-03,19.959999,20.23,19.959999,20.1,19.815729,13500,423
2020-06-04,20.16,20.245001,19.91,19.93,19.648132,45500,424
2020-06-05,20.129999,20.4,20.129999,20.24,19.953749,9200,425
2020-06-08,20.15,20.360001,20.136999,20.360001,20.072054,19000,426
2020-06-09,20.32,20.469999,20.16,20.367001,20.078951,17500,427
2020-06-10,20.559999,20.798,20.478001,20.676001,20.383581,23400,428
2020-06-11,20.15,20.219999,19.51,19.549999,19.273506,30900,429
2020-06-12,20,20.049999,19.361,19.733999,19.454905,13000,430
2020-06-15,19.379999,20,19.379999,19.962,19.67968,27800,431
2020-06-16,20.5,20.5,20.200001,20.301001,20.013887,17900,432
2020-06-17,20.459999,20.540001,20.34,20.370001,20.081911,13400,433
2020-06-18,20.32,20.549999,20.32,20.507,20.216972,25300,434
2020-06-19,20.809999,20.809999,20.42,20.530001,20.239647,13400,435
2020-06-22,20.469999,20.790001,20.469999,20.764999,20.471321,14800,436
2020-06-23,20.91,21.045,20.809999,20.809999,20.515684,18600,437
2020-06-24,20.9,20.9,20.32,20.514999,20.224859,24000,438
2020-06-25,20.389999,20.610001,20.311001,20.599001,20.307669,6400,439
2020-06-26,20.6,20.605,20.264,20.309999,20.022758,9000,440
2020-06-29,20.209999,20.24,19.92,20.24,20.034637,13200,441
2020-06-30,20.280001,20.664,20.280001,20.664,20.454334,9600,442
2020-07-01,20.629999,20.950001,20.629999,20.888,20.676064,13400,443
2020-07-02,21.139999,21.23,21.01,21.055,20.841368,22500,444
2020-07-06,21.530001,21.690001,21.450001,21.65,21.43033,40700,445
2020-07-07,21.469999,21.67,21.355,21.389999,21.172966,23300,446
2020-07-08,21.459999,21.889999,21.459999,21.855,21.633247,22900,447
2020-07-09,22.08,22.129999,21.75,22.110001,21.885666,16400,448
2020-07-10,22.129999,22.190001,21.940001,22.096001,21.871803,9700,449
2020-07-13,22.25,22.41,21.459999,21.459999,21.242258,31200,450
2020-07-14,21.34,21.575001,21.01,21.575001,21.356092,16500,451
2020-07-15,21.67,21.790001,21.440001,21.645,21.425381,12800,452
2020-07-16,21.4,21.469999,21.18,21.41,21.192764,20600,453
2020-07-17,21.48,21.559999,21.290001,21.459999,21.242258,16600,454
2020-07-20,21.559999,22.07,21.51,22.07,21.846067,16100,455
2020-07-21,22.299999,22.43,21.959999,21.995001,21.77183,562200,456
2020-07-22,21.93,22.139,21.889999,21.969999,21.74708,25400,457
2020-07-23,22.040001,22.15,21.58,21.610001,21.390738,20700,458
2020-07-24,21.290001,21.6,21.190001,21.450001,21.232359,55900,459
2020-07-27,21.58,21.764999,21.559999,21.764999,21.544163,14600,460
2020-07-28,21.76,21.795,21.570999,21.584999,21.365988,7100,461
2020-07-29,21.93,22.1,21.85,22.059999,21.83617,37300,462
2020-07-30,21.84,22.139999,21.700001,22.110001,21.885666,138100,463
2020-07-31,22.209999,22.209999,21.809999,22.110001,21.885666,106900,464
2020-08-03,22.290001,22.51,22.290001,22.48,22.251905,58400,465
2020-08-04,22.469999,22.709999,22.469999,22.700001,22.469677,54100,466
2020-08-05,22.82,22.85,22.735001,22.809999,22.57856,33400,467
2020-08-06,22.799999,22.99,22.688,22.99,22.756733,16300,468
2020-08-07,22.83,22.969999,22.379999,22.559999,22.331093,32000,469
2020-08-10,22.629999,22.629999,22.280001,22.450001,22.222214,13500,470
2020-08-11,22.459999,22.540001,22.143999,22.16,21.935154,25700,471
2020-08-12,22.290001,22.620001,22.290001,22.540001,22.3113,23200,472
2020-08-13,22.450001,22.565001,22.370001,22.43,22.202415,51700,473
2020-08-14,22.389999,22.43,22.309999,22.35,22.123226,32600,474
2020-08-17,22.5,22.59,22.475,22.549999,22.321199,10800,475
2020-08-18,22.68,22.799999,22.605,22.775,22.543915,25900,476
2020-08-19,22.780001,22.84,22.629999,22.629999,22.400387,47300,477
2020-08-20,22.5,22.879999,22.41,22.879999,22.64785,10300,478
2020-08-21,22.860001,22.91,22.790001,22.895,22.662697,17900,479
2020-08-24,23.219999,23.24,23.025,23.1,22.865616,28100,480
2020-08-25,23.15,23.43,23.120001,23.370001,23.132879,214600,481
2020-08-26,23.610001,24.139999,23.59,24.114,23.869329,339000,482
2020-08-27,24.209999,24.209999,23.785,23.927999,23.685215,36800,483
2020-08-28,24.059999,24.174999,24.030001,24.143,23.898033,34300,484
2020-08-31,24.040001,24.174999,23.924999,24.08,23.835672,37400,485
2020-09-01,24.209999,24.559999,24.205,24.52,24.27121,82300,486
2020-09-02,24.860001,24.870001,24.475,24.82,24.568163,41200,487
2020-09-03,24.540001,24.540001,23.450001,23.635,23.395191,51600,488
2020-09-04,23.540001,23.75,22.665001,23.280001,23.043793,76100,489
2020-09-08,22.639999,23,22.379999,22.59,22.360792,53700,490
2020-09-09,22.870001,23.280001,22.790001,23.158001,22.923029,41600,491
2020-09-10,23.32,23.469,22.68,22.818001,22.586481,30600,492
2020-09-11,22.950001,23.129999,22.48,22.724001,22.493435,19500,493
2020-09-14,23.059999,23.280001,22.969999,23.09,22.855719,25000,494
2020-09-15,23.43,23.48,23.299999,23.320999,23.084373,15600,495
2020-09-16,23.530001,23.530001,23.132999,23.184,22.948767,12700,496
2020-09-17,22.620001,22.976999,22.6,22.85,22.618155,18300,497
2020-09-18,22.92,22.92,22.549999,22.74,22.50927,21400,498
2020-09-21,22.4,22.684,22.18,22.684,22.453836,33300,499
2020-09-22,22.780001,23,22.57,22.974001,22.740896,11700,500
2020-09-23,23.040001,23.049999,22.43,22.441999,22.214294,127000,501
2020-09-24,22.35,22.688999,22.219999,22.458,22.230133,9400,502
2020-09-25,22.5,22.870001,22.24,22.82,22.588459,19400,503
2020-09-28,23.17,23.26,23.055,23.226,22.990341,12300,504
2020-09-29,23.299999,23.389999,23.245001,23.325001,23.088335,20600,505
2020-09-30,23.41,23.638,23.35,23.504,23.265518,19900,506
2020-10-01,23.75,23.860001,23.639999,23.806999,23.565443,26700,507
2020-10-02,23.41,23.73,23.41,23.472,23.233843,23300,508
2020-10-05,23.610001,23.879999,23.594999,23.879999,23.637705,21800,509
2020-10-06,23.879999,24.110001,23.700001,23.73,23.489222,22400,510
2020-10-07,23.98,24.205,23.98,24.195,23.949507,13100,511
2020-10-08,24.4,24.41,24.254999,24.33,24.083138,19100,512
2020-10-09,24.52,24.65,24.52,24.58,24.330601,16200,513
2020-10-12,24.889999,25.141001,24.790001,24.965,24.711693,23700,514
2020-10-13,24.99,25.15,24.93,25.059999,24.805731,44400,515
2020-10-14,25.16,25.16,24.754999,24.841999,24.589941,22800,516
2020-10-15,24.51,24.618999,24.33,24.618999,24.369204,22600,517
2020-10-16,24.790001,24.879999,24.66,24.673,24.422655,16300,518
2020-10-19,24.799999,24.870001,24.375,24.469999,24.221716,34500,519
2020-10-20,24.57,24.690001,24.4,24.496,24.247454,35900,520
2020-10-21,24.57,24.73,24.4,24.427,24.179152,18900,521
2020-10-22,24.51,24.51,24.1,24.378,24.13065,30000,522
2020-10-23,24.4,24.59,24.273001,24.59,24.340498,35100,523
2020-10-26,24.389999,24.455,23.780001,24.025999,23.782221,23200,524
2020-10-27,24.17,24.219999,24.065001,24.200001,23.954454,37500,525
2020-10-28,23.790001,23.790001,23.33,23.386,23.148716,59600,526
2020-10-29,23.6,23.889999,23.5,23.74,23.499123,89100,527
2020-10-30,23.59,23.59,22.98,23.110001,22.875515,28500,528
2020-11-02,23.42,23.540001,23.030001,23.26,23.023994,12800,529
2020-11-03,23.389999,23.719999,23.389999,23.68,23.439734,8400,530
2020-11-04,24.360001,24.799999,24.233999,24.68,24.429586,45700,531
2020-11-05,25.26,25.385,25.158001,25.33,25.07299,48100,532
2020-11-06,25.299999,25.540001,25.15,25.52,25.261065,38300,533
2020-11-09,26.01,26.01,25.02,25.030001,24.776035,184000,534
2020-11-10,25.83,25.83,24.110001,24.34,24.093035,54300,535
2020-11-11,24.51,24.870001,24.485001,24.860001,24.607761,26600,536
2020-11-12,24.870001,25.049999,24.559999,24.6,24.350397,49000,537
2020-11-13,24.99,25.028999,24.75,24.99,24.736441,35100,538
2020-11-16,24.975,25.26,24.969999,25.184,24.928473,48200,539
2020-11-17,25.059999,25.24,25,25.17,24.914612,34900,540
2020-11-18,25.200001,25.299999,25.025,25.033001,24.779007,36200,541
2020-11-19,25.07,25.35,24.92,25.34,25.08289,22700,542
2020-11-20,25.41,25.51,25.309999,25.32,25.063089,46200,543
2020-11-23,25.5,25.565001,25.25,25.405001,25.147228,24000,544
2020-11-24,25.58,25.66,25.381001,25.643999,25.383804,16300,545
2020-11-25,25.6,25.709999,25.549999,25.68,25.419439,24500,546
2020-11-27,25.940001,26.055,25.83,26.02,25.755989,44400,547
2020-11-30,26.02,26.02,25.594999,25.959999,25.6966,55400,548
2020-12-01,26.1,26.26,25.99,26.120001,25.854977,60300,549
2020-12-02,26.01,26.200001,25.879999,26.200001,25.934164,65800,550
2020-12-03,26.190001,26.42,26.17,26.23,25.96386,53300,551
2020-12-04,26.379999,26.66,26.379999,26.639999,26.369698,57800,552
2020-12-07,26.629999,26.73,26.6,26.709999,26.438988,46400,553
2020-12-08,26.719999,26.780001,26.57,26.73,26.458784,59400,554
2020-12-09,26.73,26.790001,26.18,26.280001,26.013353,46300,555
2020-12-10,26.219999,26.59,26.1,26.57,26.300407,29400,556
2020-12-11,26.360001,26.450001,26.17,26.41,26.142031,24800,557
2020-12-14,26.5,26.59,26.445,26.5,26.231121,35800,558
2020-12-15,26.629999,26.690001,26.48,26.67,26.399393,35800,559
2020-12-16,26.860001,26.98,26.781,26.950001,26.676554,35400,560
2020-12-17,27.08,27.184999,27.01,27.1,26.825031,53900,561
2020-12-18,27.212,27.212,27.040001,27.158001,26.882444,31800,562
2020-12-21,26.83,27.069,26.6,27.040001,26.765642,306500,563
2020-12-22,27.049999,27.200001,26.950001,27.18,26.904221,47400,564
2020-12-23,27.379999,27.389999,27.120001,27.120001,26.844828,145200,565
2020-12-24,27.15,27.195999,26.950001,27.049999,26.775541,38800,566
2020-12-28,27.26,27.26,26.917,26.945,26.671604,50900,567
2020-12-29,27.1,27.26,26.91,27,26.726044,22500,568
2020-12-30,27.120001,27.24,27.108,27.18,26.959135,35900,569
2020-12-31,27.18,27.200001,27.068001,27.200001,26.978973,24200,570
2021-01-04,27.389999,27.41,26.65,26.940001,26.721087,79500,571
2021-01-05,26.950001,27.34,26.9,27.34,27.117836,43500,572
2021-01-06,27.01,27.299999,26.85,26.870001,26.651655,58800,573
2021-01-07,27.1,27.5,27.01,27.440001,27.217026,65000,574
2021-01-08,27.780001,27.9,27.562,27.9,27.673286,38200,575
2021-01-11,27.58,27.871,27.459999,27.65,27.425316,31600,576
2021-01-12,27.700001,27.732,27.459999,27.690001,27.464993,37200,577
2021-01-13,27.700001,27.809999,27.59,27.719999,27.494749,61300,578
2021-01-14,27.969999,27.99,27.74,27.82,27.593935,49600,579
2021-01-15,27.690001,27.75,27.370001,27.440001,27.217026,40600,580
2021-01-19,27.790001,27.98,27.67,27.98,27.752636,54700,581
2021-01-20,28.389999,28.67,28.389999,28.639999,28.40727,41100,582
2021-01-21,28.73,28.860001,28.58,28.83,28.59573,45400,583
2021-01-22,28.690001,28.77,28.612,28.67,28.437031,47000,584
2021-01-25,29.059999,29.15,28.368,28.9,28.665161,221100,585
2021-01-26,28.870001,28.870001,28.639999,28.690001,28.456867,58400,586
2021-01-27,28.129999,28.264999,27.709999,27.775,27.549299,171900,587
2021-01-28,27.969999,28.389999,27.889999,28.09,27.861744,71000,588
2021-01-29,28,28.059999,27.48,27.65,27.425316,64100,589
2021-02-01,28.02,28.549999,27.92,28.549999,28.318003,87700,590
2021-02-02,28.73,29.02,28.65,29,28.764347,115400,591
2021-02-03,29.200001,29.219999,29.004999,29.129999,28.89329,112300,592
2021-02-04,29.08,29.27,29.004999,29.26,29.022234,82600,593
2021-02-05,29.4,29.530001,29.27,29.5,29.260286,69900,594
2021-02-08,29.700001,29.790001,29.58,29.790001,29.547928,61200,595
2021-02-09,29.809999,30.09,29.809999,29.985001,29.741343,53900,596
2021-02-10,30.219999,30.329,29.802,30.16,29.914921,42600,597
2021-02-11,30.34,30.48,30.209999,30.43,30.182726,47500,598
2021-02-12,30.34,30.5,30.190001,30.5,30.252157,40900,599
2021-02-16,30.635,30.76,30.400999,30.620001,30.371185,112900,600
2021-02-17,30.389999,30.440001,30.02,30.43,30.182726,46400,601
2021-02-18,30.1,30.191,29.813999,30.190001,29.944679,46900,602
2021-02-19,30.27,30.497999,30.254999,30.370001,30.123217,35000,603
2021-02-22,29.93,30.068001,29.6,29.6,29.35947,198400,604
2021-02-23,28.99,29.6,28.360001,29.389999,29.151176,65800,605
2021-02-24,29.25,29.549999,28.959999,29.549999,29.309879,69100,606
2021-02-25,29.540001,29.700001,28.565001,28.65,28.417191,105300,607
2021-02-26,28.73,28.941,28.26,28.58,28.347761,197800,608
2021-03-01,29.049999,29.5,28.966,29.5,29.260286,43900,609
2021-03-02,29.450001,29.5,29.07,29.07,28.833778,29500,610
2021-03-03,29.030001,29.200001,28.295,28.360001,28.129551,31900,611
2021-03-04,28.15,28.379999,27.205,27.51,27.286455,109500,612
2021-03-05,27.85,27.959999,26.855,27.940001,27.712959,74800,613
2021-03-08,27.780001,27.99,27.16,27.16,26.939301,53000,614
2021-03-09,27.719999,28.518,27.719999,28.41,28.179142,74900,615
2021-03-10,28.639999,28.639999,28.1,28.200001,27.97085,34300,616
2021-03-11,28.549999,29.120001,28.549999,29.1,28.863537,25500,617
2021-03-12,28.639999,28.74,28.450001,28.721001,28.487616,31000,618
2021-03-15,28.620001,28.915001,28.59,28.915001,28.680038,30900,619
2021-03-16,29.040001,29.215,28.867001,28.915001,28.680038,17100,620
2021-03-17,28.700001,29.173,28.459999,29.061001,28.824852,49700,621
2021-03-18,28.83,28.879999,28.35,28.357,28.126574,31900,622
2021-03-19,28.42,28.59,28.200001,28.464001,28.232706,228900,623
2021-03-22,28.49,28.83,28.49,28.629999,28.397352,28100,624
2021-03-23,28.57,28.67,28.339001,28.339001,28.108721,12000,625
2021-03-24,28.48,28.57,27.610001,27.610001,27.385645,24400,626
2021-03-25,27.5,27.684999,27.33,27.6,27.375723,27800,627
2021-03-26,27.700001,28.200001,27.639999,28.200001,27.97085,13400,628
2021-03-29,28.129999,28.205,27.879999,28.01,27.782393,9500,629
2021-03-30,28.01,28.09,27.83,28.049999,27.822067,9000,630
2021-03-31,28.120001,28.549999,28.120001,28.459999,28.228733,23800,631
2021-04-01,28.790001,29.079,28.790001,29.030001,28.794106,30800,632
2021-04-05,29.280001,29.540001,29.200001,29.466999,29.227552,27500,633
2021-04-06,29.440001,29.629999,29.379999,29.450001,29.210691,23400,634
2021-04-07,29.290001,29.49,29.27,29.450001,29.210691,23700,635
2021-04-08,29.700001,29.860001,29.65,29.819,29.576694,27300,636
2021-04-09,29.709999,29.9,29.559999,29.85,29.607441,52000,637
2021-04-12,29.790001,29.790001,29.6,29.688,29.446756,20900,638
2021-04-13,29.76,29.99,29.76,29.93,29.68679,43600,639
2021-04-14,30,30.01,29.52,29.52,29.280123,22500,640
2021-04-15,29.83,30.075001,29.799999,30,29.756222,22700,641
2021-04-16,30.08,30.08,29.950001,30,29.756222,18400,642
2021-04-19,29.93,29.99,29.49,29.606001,29.365425,30900,643
2021-04-20,29.690001,29.690001,29.23,29.365999,29.127375,14800,644
2021-04-21,29.24,29.58,29.129999,29.51,29.270205,219500,645
2021-04-22,29.610001,29.629999,29.219999,29.26,29.022234,22600,646
2021-04-23,29.42,29.790001,29.42,29.705,29.463619,39200,647
2021-04-26,29.639999,29.870001,29.629999,29.85,29.607441,44000,648
2021-04-27,29.940001,29.940001,29.761999,29.85,29.607441,163700,649
2021-04-28,29.93,30.049999,29.84,29.860001,29.617361,20500,650
2021-04-29,30.09,30.09,29.565001,29.83,29.587603,24000,651
2021-04-30,29.5,29.610001,29.297001,29.32,29.081749,27000,652
2021-05-03,29.440001,29.469999,29.129999,29.165001,28.928007,17100,653
2021-05-04,29,29,28.205,28.58,28.347761,45500,654
2021-05-05,28.77,28.799,28.49,28.563999,28.33189,20300,655
2021-05-06,28.52,28.559999,28.200001,28.516001,28.284281,32900,656
2021-05-07,28.75,28.969999,28.719999,28.85,28.615568,26600,657
2021-05-10,28.620001,28.620001,28.01,28.01,27.782393,25000,658
2021-05-11,27.33,27.999001,27.290001,27.950001,27.722879,34700,659
2021-05-12,27.66,27.67,27.110001,27.17,26.949219,25300,660
2021-05-13,27.370001,27.579,27.040001,27.233,27.011707,34900,661
2021-05-14,27.57,28,27.559999,27.99,27.762554,25000,662
2021-05-17,27.799999,27.860001,27.65,27.815001,27.588978,13600,663
2021-05-18,27.99,28.146,27.92,27.92,27.693127,32500,664
2021-05-19,27.42,27.860001,27.375,27.809999,27.584017,13900,665
2021-05-20,27.940001,28.409,27.940001,28.35,28.119633,32000,666
2021-05-21,28.48,28.48,28.15,28.15,27.921253,19200,667
2021-05-24,28.360001,28.690001,28.360001,28.67,28.437031,20300,668
2021-05-25,28.83,28.83,28.629999,28.700001,28.466787,6200,669
2021-05-26,28.879999,28.889999,28.790001,28.879999,28.645323,10100,670
2021-05-27,28.83,28.889999,28.700001,28.76,28.526299,30600,671
2021-05-28,28.879999,29.099001,28.879999,28.969999,28.734591,40900,672
2021-06-01,29.360001,29.360001,29,29.120001,28.883373,13000,673
2021-06-02,29.120001,29.27,29.1,29.209999,28.972641,46900,674
2021-06-03,29.07,29.08,28.75,28.9,28.665161,23800,675
2021-06-04,28.98,29.33,28.9,29.25,29.012316,12900,676
2021-06-07,29.23,29.43,29.190001,29.43,29.190853,18500,677
2021-06-08,29.35,29.5,29.190001,29.209999,28.972641,23500,678
2021-06-09,29.219999,29.365,29.209999,29.290001,29.051991,8000,679
2021-06-10,29.34,29.540001,29.15,29.540001,29.299961,19400,680
2021-06-11,29.43,29.6,29.43,29.6,29.35947,20700,681
2021-06-14,29.700001,29.950001,29.65,29.950001,29.706629,17700,682
2021-06-15,29.83,29.940001,29.66,29.690001,29.448742,7900,683
2021-06-16,29.690001,29.749001,29.190001,29.440001,29.200771,20800,684
2021-06-17,29.52,29.93,29.35,29.780001,29.53801,10900,685
2021-06-18,29.68,29.799999,29.52,29.610001,29.36939,15700,686
2021-06-21,29.620001,29.799999,29.49,29.74,29.498333,21700,687
2021-06-22,29.52,29.999001,29.5,29.975,29.731426,508400,688
2021-06-23,29.959999,30.209999,29.959999,30.1,29.85541,270400,689
2021-06-24,30.23,30.459999,30.23,30.32,30.073622,283900,690
2021-06-25,30.5,30.5,30.334999,30.5,30.252157,263400,691
2021-06-28,30.59,30.733999,30.559999,30.700001,30.450535,270400,692
2021-06-29,30.639999,30.749001,30.594999,30.700001,30.486282,16800,693
2021-06-30,30.629999,30.635,30.5,30.5,30.287676,11800,694
2021-07-01,30.549999,30.610001,30.360001,30.57,30.357189,26800,695
2021-07-02,30.530001,30.77,30.530001,30.76,30.545868,11800,696
2021-07-06,30.74,30.85,30.52,30.790001,30.575657,29000,697
2021-07-07,30.99,31,30.639999,30.74,30.526005,24600,698
2021-07-08,30.040001,30.4,30.030001,30.290001,30.079138,29800,699
2021-07-09,30.450001,30.76,30.389999,30.76,30.545868,10200,700
2021-07-12,30.82,30.82,30.690001,30.700001,30.486282,19900,701
2021-07-13,30.639999,30.969999,30.6,30.780001,30.565727,23700,702
2021-07-14,30.879999,31.030001,30.690001,30.690001,30.476355,17900,703
2021-07-15,30.690001,30.690001,30.25,30.377001,30.165533,19900,704
2021-07-16,30.49,30.549999,30.1,30.110001,29.900393,23800,705
2021-07-19,29.700001,29.889999,29.559999,29.82,29.61241,35200,706
2021-07-20,29.93,30.42,29.879999,30.309999,30.098999,15100,707
2021-07-21,30.26,30.59,30.26,30.540001,30.3274,17400,708
2021-07-22,30.629999,30.84,30.629999,30.84,30.625309,85100,709
2021-07-23,30.940001,31.049999,30.809999,31.040001,30.823917,27900,710
2021-07-26,30.85,30.870001,30.709999,30.73,30.516073,12900,711
2021-07-27,30.5,30.5,29.924999,30.280001,30.069208,20500,712
2021-07-28,30.5,30.77,30.389999,30.719999,30.506144,36900,713
2021-07-29,30.77,30.9,30.73,30.73,30.516073,23200,714
2021-07-30,30.43,30.555,30.407,30.43,30.218164,25900,715
2021-08-02,30.620001,30.76,30.504,30.540001,30.3274,17900,716
2021-08-03,30.59,30.639999,30.360001,30.639999,30.426701,43000,717
2021-08-04,30.66,30.84,30.631001,30.83,30.615379,10500,718
2021-08-05,30.75,31.040001,30.75,31.040001,30.823917,45600,719
2021-08-06,30.959999,31.040001,30.83,30.870001,30.6551,8800,720
2021-08-09,30.950001,31,30.84,30.940001,30.724615,8900,721
2021-08-10,31.049999,31.049999,30.799999,30.799999,30.585588,16800,722
2021-08-11,30.91,30.915001,30.700001,30.74,30.526005,8500,723
2021-08-12,30.709999,30.84,30.68,30.799999,30.585588,15300,724
2021-08-13,30.809999,30.879999,30.719999,30.84,30.625309,14400,725
2021-08-16,30.700001,30.700001,30.370001,30.620001,30.406839,16700,726
2021-08-17,30.379999,30.379999,30.049999,30.18,29.969904,22900,727
2021-08-18,30.209999,30.41,30.049999,30.049999,29.840807,9800,728
2021-08-19,29.77,30.15,29.68,29.93,29.721645,26200,729
2021-08-20,30,30.25,30,30.200001,29.989765,25500,730
2021-08-23,30.379999,30.84,30.379999,30.799999,30.585588,46300,731
2021-08-24,31,31.23,31,31.219999,31.002663,47200,732
2021-08-25,31.200001,31.27,31.155001,31.24,31.022526,12100,733
2021-08-26,31.25,31.35,31.059999,31.1,30.883499,8400,734
2021-08-27,31.059999,31.459,31.049999,31.434999,31.216167,12400,735
2021-08-30,31.51,31.719999,31.440001,31.65,31.429668,13200,736
2021-08-31,31.82,31.85,31.691,31.85,31.628279,9200,737
2021-09-01,31.92,32.200001,31.92,32,31.777235,51600,738
2021-09-02,32.110001,32.284,31.940001,31.940001,31.717653,26200,739
2021-09-03,31.940001,32.189999,31.91,31.91,31.68786,11100,740
2021-09-07,32.099998,32.32,32.099998,32.32,32.095009,21100,741
2021-09-08,32.09,32.119999,31.65,31.709999,31.489252,27500,742
2021-09-09,31.67,31.945,31.549999,31.790001,31.568695,15500,743
2021-09-10,31.959999,32.005001,31.6,31.6,31.38002,9600,744
2021-09-13,31.719999,31.74,31.285,31.469999,31.250923,25700,745
2021-09-14,31.559999,31.620001,31.290001,31.309999,31.092037,31200,746
2021-09-15,31.34,31.66,31.15,31.66,31.439602,7500,747
2021-09-16,31.35,31.48,31.25,31.450001,31.231062,4600,748
2021-09-17,31.52,31.52,31.200001,31.34,31.12183,35300,749
2021-09-20,30.68,30.82,30.120001,30.49,30.277744,38200,750
2021-09-21,30.790001,30.889999,30.671,30.76,30.545868,8300,751
2021-09-22,30.940001,31.208,30.870001,31.1,30.883499,12600,752
2021-09-23,31.33,31.620001,31.299999,31.620001,31.399878,17500,753
2021-09-24,31.309999,31.469999,31.24,31.434999,31.216167,12700,754
2021-09-27,31.27,31.309999,31.062,31.219999,31.002663,12000,755
2021-09-28,30.879999,30.879999,30.290001,30.52,30.307537,21100,756
2021-09-29,30.43,30.469999,30.049999,30.059999,29.850739,10500,757
2021-09-30,30.290001,30.360001,30.091,30.33,30.11886,8200,758
2021-10-01,30.27,30.379999,29.9,30.25,30.039417,39600,759
2021-10-04,30.17,30.24,29.4,29.610001,29.40387,20300,760
2021-10-05,29.690001,30.219999,29.690001,30.07,29.860668,16000,761
2021-10-06,29.66,30.129999,29.6,30.069,29.859676,221200,762
2021-10-07,30.469999,30.827999,30.469999,30.639999,30.426701,16000,763
2021-10-08,30.74,30.780001,30.530001,30.58,30.367121,13600,764
2021-10-11,30.58,30.76,30.440001,30.440001,30.228094,13300,765
2021-10-12,30.48,30.51,30.299999,30.51,30.297607,27000,766
2021-10-13,30.549999,30.860001,30.549999,30.76,30.545868,15700,767
2021-10-14,31.08,31.4,31.08,31.375,31.156586,35100,768
2021-10-15,31.49,31.67,31.405001,31.540001,31.320436,248400,769
2021-10-18,31.450001,31.76,31.450001,31.75,31.528975,37800,770
2021-10-19,31.85,32.099998,31.85,32.07,31.846746,35100,771
2021-10-20,32.130001,32.150002,31.940001,32.02,31.797094,20600,772
2021-10-21,31.85,32.09,31.85,32.040001,31.816956,25800,773
2021-10-22,31.870001,31.92,31.58,31.629999,31.409809,22700,774
2021-10-25,31.700001,31.860001,31.549999,31.790001,31.568695,35900,775
2021-10-26,31.93,31.950001,31.59,31.68,31.459463,37200,776
2021-10-27,31.530001,31.639999,31.33,31.33,31.111898,18200,777
2021-10-28,31.43,31.709999,31.41,31.709999,31.489252,20200,778
2021-10-29,31.459999,31.719999,31.459999,31.709999,31.489252,20400,779
2021-11-01,31.77,31.98,31.750999,31.98,31.757374,46900,780
2021-11-02,31.93,31.99,31.85,31.92,31.697792,19300,781
2021-11-03,32.029999,32.325001,31.975,32.279999,32.055283,15600,782
2021-11-04,32.509998,32.790001,32.5,32.740002,32.512081,21000,783
2021-11-05,32.889999,32.939999,32.650002,32.68,32.452503,25200,784
2021-11-08,32.919998,33.049999,32.890999,33,32.770271,25200,785
2021-11-09,33.07,33.134998,32.830002,32.939999,32.71069,23200,786
2021-11-10,32.720001,32.84,32.130001,32.299999,32.075146,38000,787
2021-11-11,32.610001,32.794998,32.610001,32.66,32.43264,32500,788
2021-11-12,32.68,33.110001,32.669998,33.110001,32.879509,37000,789
2021-11-15,33.200001,33.200001,32.939999,32.990002,32.760345,26100,790
2021-11-16,33.060001,33.450001,33.060001,33.419998,33.187344,17700,791
2021-11-17,33.41,33.419998,33.099998,33.16,32.929161,19200,792
2021-11-18,33.150002,33.150002,32.790001,33.07,32.839783,32100,793
2021-11-19,33.150002,33.290001,33.035,33.049999,32.819927,16600,794
2021-11-22,33.189999,33.330002,32.560001,32.560001,32.333336,38000,795
2021-11-23,32.400002,32.549999,31.959999,32.16,31.936121,24800,796
2021-11-24,32.009998,32.43,31.9,32.43,32.204239,14600,797
2021-11-26,32.07,32.169998,31.700001,31.799999,31.578625,17800,798
2021-11-29,32.139999,32.360001,31.950001,32.259998,32.035423,31400,799
2021-11-30,32.209999,32.389999,31.540001,31.620001,31.399878,40400,800
2021-12-01,32.09,32.139999,30.950001,30.99,30.774265,32300,801
2021-12-02,31.040001,31.545,31.030001,31.41,31.191341,18900,802
2021-12-03,31.48,31.48,30.41,30.780001,30.565727,22000,803
2021-12-06,30.83,31.030001,30.35,30.959999,30.744471,78500,804
2021-12-07,31.629999,32.200001,31.629999,32.130001,31.906328,23200,805
2021-12-08,32.09,32.25,31.99,32.220001,31.995707,29500,806
2021-12-09,32.119999,32.299999,31.73,31.790001,31.568695,14400,807
2021-12-10,32.07,32.25,31.809999,31.959999,31.737511,34400,808
2021-12-13,31.969999,32.084999,31.5,31.58,31.360157,38200,809
2021-12-14,31.129999,31.285,30.780001,31.040001,30.823917,16700,810
2021-12-15,31.07,31.82,30.780001,31.790001,31.568695,25500,811
2021-12-16,31.940001,31.940001,31.01,31.190001,30.972872,39000,812
2021-12-17,30.700001,31.139999,30.66,30.91,30.694822,20300,813
2021-12-20,30.51,30.606001,30.27,30.49,30.277744,32900,814
2021-12-21,30.84,31.389999,30.66,31.379999,31.161549,25200,815
2021-12-22,31.280001,31.65,31.280001,31.639999,31.419739,23200,816
2021-12-23,31.68,31.969999,31.639999,31.9,31.677931,40200,817
2021-12-27,31.889999,32.224998,31.889999,32.189999,31.965908,24800,818
2021-12-28,32.259998,32.259998,31.93,32.009998,31.787163,26400,819
2021-12-29,31.93,31.950001,31.73,31.940001,31.717653,14200,820
2021-12-30,31.93,32.259998,31.93,31.99,31.780239,29400,821
2021-12-31,32,32.049999,31.75,31.799999,31.591484,23200,822
2022-01-03,31.85,31.91,31.620001,31.889999,31.680895,29000,823
2022-01-04,31.889999,31.915001,31.065001,31.389999,31.184172,34900,824
2022-01-05,31.1,31.219,30.290001,30.309999,30.111256,23500,825
2022-01-06,30.26,30.575001,30.02,30.299999,30.101318,33800,826
2022-01-07,30.370001,30.629,30.01,30.18,29.982107,86100,827
2022-01-10,29.780001,30.17,29.299999,30.110001,29.912569,49100,828
2022-01-11,30.110001,30.74,30,30.719999,30.518566,25100,829
2022-01-12,31,31.15,30.709999,30.889999,30.687452,38700,830
2022-01-13,30.92,30.92,29.9,29.9,29.703943,31900,831
2022-01-14,29.709999,30.1,29.67,30.028999,29.832096,27200,832
2022-01-18,29.5,29.690001,29.190001,29.24,29.048271,72300,833
2022-01-19,29.4,29.559999,28.92,28.969999,28.780043,40100,834
2022-01-20,29.370001,29.695,28.795,28.83,28.640959,17300,835
2022-01-21,28.42,28.559999,27.809999,27.879999,27.697189,63300,836
2022-01-24,27.23,27.875,26.360001,27.870001,27.687258,75900,837
2022-01-25,27.48,27.75,27.1,27.309999,27.130926,25900,838
2022-01-26,27.9,28.049,26.955,27.23,27.051451,28100,839
2022-01-27,27.459999,27.610001,26.77,26.809999,26.634205,63600,840
2022-01-28,26.91,27.6,26.535,27.540001,27.359419,30200,841
2022-01-31,27.780001,28.795,27.780001,28.790001,28.601225,38100,842
2022-02-01,28.940001,29.07,28.49,29.07,28.879385,19400,843
2022-02-02,29.280001,29.290001,28.690001,28.879999,28.690632,19600,844
2022-02-03,28.049999,28.26,27.65,27.67,27.488567,17700,845
2022-02-04,27.84,28.5,27.719999,28.26,28.074696,29500,846
2022-02-07,28.25,28.4,28,28,27.816401,15400,847
2022-02-08,27.91,28.4,27.837999,28.396999,28.2108,13400,848
2022-02-09,28.799999,29.129999,28.709999,29.129999,28.93899,14500,849
2022-02-10,28.639999,29.34,28.530001,28.629999,28.44227,27200,850
2022-02-11,28.700001,28.73,27.530001,27.67,27.488567,36900,851
2022-02-14,27.549999,27.84,27.370001,27.65,27.468697,14400,852
2022-02-15,28.01,28.35,27.969999,28.290001,28.104502,14800,853
2022-02-16,28.040001,28.25,27.790001,28.17,27.985287,47400,854
2022-02-17,27.940001,28.01,27.24,27.299999,27.120991,17800,855
2022-02-18,27.110001,27.110001,26.559999,26.697001,26.521946,18400,856
2022-02-22,26.309999,26.66,25.950001,26.15,25.978531,58900,857
2022-02-23,26.49,26.52,25.59,25.610001,25.442076,22200,858
2022-02-24,24.58,26.4,24.540001,26.4,26.226892,35700,859
2022-02-25,26.48,26.74,26.120001,26.74,26.564665,19000,860
2022-02-28,26.42,26.948999,26.389999,26.780001,26.604403,20100,861
2022-03-01,26.68,26.903,26.27,26.34,26.167288,17500,862
2022-03-02,26.52,26.959999,26.209999,26.809999,26.634205,15900,863
2022-03-03,26.870001,26.870001,26.131001,26.209999,26.038139,217800,864
2022-03-04,25.870001,26.059999,25.450001,25.57,25.402334,221500,865
2022-03-07,25.49,25.5,24.650999,24.690001,24.528109,27100,866
2022-03-08,24.6,25.219999,24.299999,24.48,24.319483,32500,867
2022-03-09,25.200001,25.690001,25.200001,25.6,25.43214,36900,868
2022-03-10,25.129999,25.190001,24.785,25.09,24.925484,23300,869
2022-03-11,25.309999,25.309999,24.43,24.43,24.26981,34500,870
2022-03-14,24.24,24.299999,23.549999,23.610001,23.455189,77900,871
2022-03-15,23.719999,24.290001,23.65,24.290001,24.130732,21800,872
2022-03-16,24.950001,25.879999,24.92,25.860001,25.690435,41900,873
2022-03-17,25.700001,26.129999,25.700001,26.122999,25.951708,13000,874
2022-03-18,26.02,26.926001,26.02,26.85,26.673943,20800,875
2022-03-21,26.6,26.700001,26.299999,26.5,26.326239,10600,876
2022-03-22,26.67,27.280001,26.67,27.200001,27.021648,16000,877
2022-03-23,26.870001,27.1,26.73,26.75,26.574598,10200,878
2022-03-24,26.799999,27.1,26.535999,27.040001,26.8627,26000,879
2022-03-25,27.049999,27.049999,26.57,26.790001,26.614338,16400,880
2022-03-28,26.99,27.299999,26.9,27.26,27.081255,19000,881
2022-03-29,27.870001,28.129999,27.6,28.01,27.826336,225700,882
2022-03-30,27.84,27.959999,27.43,27.5,27.319681,217500,883
2022-03-31,27.440001,27.459999,26.979,27.01,26.832895,13500,884
2022-04-01,27.17,27.221001,26.879999,27.040001,26.8627,414100,885
2022-04-04,27.290001,27.799999,27.250999,27.799999,27.617712,9000,886
2022-04-05,27.68,27.68,26.92,27.049999,26.872631,12400,887
2022-04-06,26.57,26.57,26.030001,26.190001,26.01827,238100,888
2022-04-07,26.190001,26.280001,25.709999,26.15,25.978531,230200,889
2022-04-08,26.01,26.039,25.66,25.690001,25.521549,213700,890
2022-04-11,25.4,25.51,25.23,25.23,25.064564,26600,891
2022-04-12,25.57,25.718,24.959999,25.110001,24.945351,20200,892
2022-04-13,25.149,25.577,25.149,25.52,25.352665,18200,893
2022-04-14,25.530001,25.530001,24.889999,24.91,24.746664,24900,894
2022-04-18,24.780001,24.950001,24.57,24.799999,24.637383,31600,895
2022-04-19,24.74,25.41,24.74,25.35,25.183781,12900,896
2022-04-20,25.309999,25.309999,24.76,24.83,24.667187,17200,897
2022-04-21,25.07,25.25,24.17,24.17,24.011515,20800,898
2022-04-22,24.24,24.299999,23.709999,23.719999,23.564466,14200,899
2022-04-25,23.48,24,23.461,24,23.84263,27700,900
2022-04-26,23.809999,23.809999,23.059999,23.059999,22.908792,224900,901
2022-04-27,23.059999,23.370001,22.950001,23.1,22.948532,20100,902
2022-04-28,23.51,24.030001,23.15,23.940001,23.783024,101900,903
2022-04-29,23.799999,24.205999,23.23,23.27,23.117416,126400,904
2022-05-02,23.219999,23.67,23.059999,23.67,23.514793,35200,905
2022-05-03,23.68,23.84,23.52,23.639999,23.484991,15200,906
2022-05-04,23.540001,24.34,23.18,24.33,24.170467,26200,907
2022-05-05,23.889,23.889,22.85,23.049999,22.898857,49000,908
2022-05-06,22.879999,23.07,22.400999,22.629999,22.481613,23000,909
2022-05-09,22.209999,22.280001,21.620001,21.629999,21.488171,24600,910
2022-05-10,22.15,22.200001,21.5,21.83,21.686859,24600,911
2022-05-11,21.77,22.080999,21.25,21.25,21.110662,20200,912
2022-05-12,21.030001,21.660999,20.9,21.360001,21.219942,26800,913
2022-05-13,21.790001,22.32,21.790001,22.24,22.094172,23200,914
2022-05-16,22.139999,22.18,21.879999,21.9,21.756399,45100,915
2022-05-17,22.51,22.6,22.129999,22.52,22.372335,29300,916
2022-05-18,22.18,22.25,21.450001,21.5,21.359022,23600,917
2022-05-19,21.35,21.837,21.299999,21.559999,21.418629,13000,918
2022-05-20,21.870001,21.92,21.07,21.573,21.431543,28000,919
2022-05-23,21.67,21.84,21.42,21.790001,21.647121,21200,920
2022-05-24,21.34,21.34,20.860001,21.040001,20.902039,22500,921
2022-05-25,20.950001,21.516001,20.950001,21.370001,21.229877,26300,922
2022-05-26,21.32,22.128,20.27,22.08,21.935219,29900,923
2022-05-27,22.27,22.700001,22.27,22.690001,22.541222,88200,924
2022-05-31,22.879999,22.93,22.562,22.719999,22.571024,21400,925
2022-06-01,22.959999,23.110001,22.42,22.58,22.431942,15200,926
2022-06-02,22.57,23.42,22.57,23.42,23.266434,57000,927
2022-06-03,23.059999,23.120001,22.76,22.83,22.680302,12400,928
2022-06-06,23.24,23.360001,22.93,23.02,22.869057,51400,929
2022-06-07,22.709999,23.309999,22.709999,23.23,23.077679,26200,930
2022-06-08,23.23,23.440001,23.145,23.290001,23.137287,14400,931
2022-06-09,23,23.24,22.6,22.6,22.451811,13600,932
2022-06-10,22.23,22.26,21.808001,21.85,21.706728,14600,933
2022-06-13,21.040001,21.190001,20.639999,20.65,20.514597,28700,934
2022-06-14,20.950001,20.950001,20.68,20.85,20.713287,13300,935
2022-06-15,21.040001,21.51,20.93,21.315001,21.175238,31300,936
2022-06-16,20.559999,20.639999,20.299999,20.33,20.196693,15000,937
2022-06-17,20.559999,20.771,20.431,20.65,20.514597,10400,938
2022-06-21,20.950001,21.246,20.9,21.08,20.941778,15900,939
2022-06-22,20.75,21.26,20.75,20.92,20.782827,19400,940
2022-06-23,21.059999,21.299999,20.91,21.278,21.138479,179900,941
2022-06-24,21.58,22.110001,21.58,22.110001,21.965025,8500,942
2022-06-27,22.27,22.27,21.91,21.950001,21.806072,7700,943
2022-06-28,22.02,22.17,21.309999,21.32,21.180204,37200,944
2022-06-29,21.209999,21.290001,20.629999,21.129999,21.046732,18300,945
2022-06-30,20.83,21.054001,20.5,20.82,20.737953,22100,946
2022-07-01,20.73,20.917999,20.540001,20.879999,20.797716,11000,947
2022-07-05,20.549999,21.200001,20.440001,21.190001,21.106497,22200,948
2022-07-06,21.16,21.32,21.01,21.209999,21.126417,7400,949
2022-07-07,21.379999,21.790001,21.379999,21.76,21.67425,6200,950
2022-07-08,21.52,21.790001,21.450001,21.690001,21.604527,7600,951
2022-07-11,21.389999,21.389999,21.059999,21.07,20.986969,14900,952
2022-07-12,21.120001,21.120001,20.785,20.809999,20.727991,9100,953
2022-07-13,20.41,20.92,20.41,20.77,20.68815,8500,954
2022-07-14,20.59,20.690001,20.322001,20.65,20.568623,10800,955
2022-07-15,20.91,21.1,20.860001,21.08,20.996929,14000,956
2022-07-18,21.43,21.57,21.15,21.17,21.086575,12200,957
2022-07-19,21.41,21.77,21.245001,21.77,21.68421,7700,958
2022-07-20,21.85,22.23,21.77,22.200001,22.112516,36100,959
2022-07-21,22.25,22.540001,22.15,22.540001,22.451176,7400,960
2022-07-22,22.4,22.438,21.959999,22.049999,21.963106,52200,961
2022-07-25,22.040001,22.040001,21.780001,21.889999,21.803736,8500,962
2022-07-26,21.780001,21.780001,21.360001,21.389999,21.305708,16100,963
2022-07-27,21.77,22.290001,21.709999,22.24,22.152357,9600,964
2022-07-28,22.139999,22.379999,21.99,22.32,22.232042,5500,965
2022-07-29,22.219999,22.5,22.129999,22.5,22.411333,99300,966
2022-08-01,22.309999,22.583,22.184999,22.49,22.401371,32600,967
2022-08-02,22.299999,22.729,22.299999,22.559999,22.471096,11500,968
2022-08-03,22.57,23.09,22.57,23.02,22.929285,14800,969
2022-08-04,23.110001,23.24,22.934999,23.24,23.148417,11500,970
2022-08-05,22.83,23.139999,22.799999,23.07,22.979088,31800,971
2022-08-08,23.07,23.34,22.92,23,22.909363,23400,972
2022-08-09,22.790001,22.790001,22.530001,22.620001,22.530861,7000,973
2022-08-10,23.219999,23.389999,23.094999,23.379999,23.287865,13800,974
2022-08-11,23.52,23.836,23.254999,23.4,23.307787,37700,975
2022-08-12,23.379999,23.799999,23.290001,23.77,23.676329,27000,976
2022-08-15,23.629999,23.92,23.629999,23.870001,23.775934,8000,977
2022-08-16,23.709999,23.825001,23.41,23.709999,23.616564,14100,978
2022-08-17,23.450001,23.530001,23.201,23.389999,23.297825,92000,979
2022-08-18,23.4,23.52,23.23,23.379999,23.287865,19700,980
2022-08-19,23.219999,23.219999,22.83,22.959999,22.869518,9200,981
2022-08-22,22.57,22.57,22.110001,22.16,22.072672,52400,982
2022-08-23,22.18,22.5,22.17,22.27,22.18224,35700,983
2022-08-24,22.27,22.43,22.23,22.25,22.162317,7100,984
2022-08-25,22.34,22.85,22.34,22.85,22.759953,12700,985
2022-08-26,22.85,22.85,22.030001,22.07,21.983027,9400,986
2022-08-29,21.73,22,21.629999,21.780001,21.694172,44200,987
2022-08-30,21.84,21.860001,21.360001,21.620001,21.534801,27200,988
2022-08-31,21.82,21.889999,21.506001,21.6,21.514881,7000,989
2022-09-01,21.209999,21.27,20.91,21.264999,21.181198,13900,990
2022-09-02,21.49,21.58,20.91,21.139999,21.056692,8500,991
2022-09-06,21.02,21.02,20.65,20.825001,20.742935,17000,992
2022-09-07,20.809999,21.23,20.719999,21.129999,21.046732,16300,993
2022-09-08,20.950001,21.34,20.950001,21.200001,21.116457,175000,994
2022-09-09,21.52,21.889999,21.52,21.870001,21.783817,5600,995
2022-09-12,21.98,22.200001,21.98,22.1,22.012909,15500,996
2022-09-13,21.469999,21.58,21.040001,21.09,21.006891,19000,997
2022-09-14,21.129999,21.24,21,21.1,21.016851,19400,998
2022-09-15,20.969999,21.23,20.76,20.76,20.67819,14900,999
2022-09-16,20.59,20.6,20.4,20.49,20.409252,22000,1000
2022-09-19,20.459999,20.85,20.459999,20.85,20.767836,12200,1001
2022-09-20,20.559999,20.67,20.4,20.4,20.319607,5900,1002
2022-09-21,20.5,20.790001,20.200001,20.23,20.150278,13400,1003
2022-09-22,20.1,20.125,19.799999,19.799999,19.721972,22500,1004
2022-09-23,19.6,19.6,19.25,19.540001,19.462999,7200,1005
2022-09-26,19.450001,19.735001,19.315001,19.4,19.323549,29400,1006
2022-09-27,19.6,19.610001,19.24,19.43,19.353432,7300,1007
2022-09-28,19.35,19.93,19.308001,19.93,19.851461,19300,1008
2022-09-29,19.5,19.5,19.190001,19.200001,19.124338,11400,1009
2022-09-30,19.309999,19.700001,19.07,19.17,19.094456,11400,1010
2022-10-03,19.290001,19.594999,19.17,19.540001,19.462999,8000,1011
2022-10-04,19.99,20.42,19.99,20.42,20.339529,4900,1012
2022-10-05,20.129999,20.450001,19.950001,20.385,20.304668,8000,1013
2022-10-06,20.219999,20.450001,20.129999,20.129999,20.050671,19400,1014
2022-10-07,19.889999,19.889999,19.35,19.35,19.273746,8200,1015
2022-10-10,19.440001,19.440001,18.950001,19.15,19.074535,18300,1016
2022-10-11,18.91,18.99,18.48,18.610001,18.536663,11900,1017
2022-10-12,18.639999,18.75,18.556,18.610001,18.536663,14700,1018
2022-10-13,18.120001,19.059999,18.01,19.059999,18.98489,30600,1019
2022-10-14,19.16,19.16,18.41,18.440001,18.367332,10300,1020
2022-10-17,18.91,19.26,18.91,19.25,19.174141,8300,1021
2022-10-18,19.65,19.809999,19.23,19.348,19.271755,16200,1022
2022-10-19,19.17,19.35,19.030001,19.08,19.00481,6200,1023
2022-10-20,19.16,19.65,19.16,19.23,19.154219,7600,1024
2022-10-21,19.190001,19.59,18.992001,19.52,19.443077,9700,1025
2022-10-24,19.42,19.431999,19.086,19.370001,19.293669,9500,1026
2022-10-25,19.549999,19.969999,19.440001,19.82,19.741894,13100,1027
2022-10-26,19.629999,20.200001,19.629999,19.9,19.821579,16300,1028
2022-10-27,19.809999,19.818001,19.525,19.525,19.448055,4300,1029
2022-10-28,19.43,19.790001,19.43,19.74,19.662209,14600,1030
2022-10-31,19.719999,19.743,19.530001,19.67,19.592485,11000,1031
2022-11-01,20.120001,20.142,19.67,19.67,19.592485,6900,1032
2022-11-02,19.73,19.73,19.110001,19.110001,19.034693,11300,1033
2022-11-03,18.860001,18.940001,18.77,18.77,18.696032,79800,1034
2022-11-04,19.055,19.129999,18.67,18.940001,18.865362,7000,1035
2022-11-07,19.16,19.290001,19,19.25,19.174141,12800,1036
2022-11-08,19.34,19.66,19.190001,19.459999,19.383312,12200,1037
2022-11-09,19.23,19.23,18.907,18.945,18.870342,9300,1038
2022-11-10,19.889999,20.389999,19.82,20.389999,20.309647,9800,1039
2022-11-11,20.5,21.049999,20.468,20.940001,20.857481,12600,1040
2022-11-14,20.799999,21.16,20.705,20.93,20.847519,31300,1041
2022-11-15,21.459999,21.690001,21.219999,21.32,21.235983,38000,1042
2022-11-16,21.219999,21.27,21.035,21.040001,20.957088,20100,1043
2022-11-17,20.620001,21.02,20.52,20.9,20.817636,17500,1044
2022-11-18,21.16,21.16,20.58,20.58,20.498899,36800,1045
2022-11-21,20.68,20.785,20.379999,20.450001,20.369411,70100,1046
2022-11-22,20.469999,20.73,20.450001,20.629999,20.5487,17200,1047
2022-11-23,20.76,21,20.76,20.98,20.897322,206300,1048
2022-11-25,20.879999,21,20.870001,20.969999,20.887362,16100,1049
2022-11-28,20.790001,21.01,20.49,20.49,20.409252,13900,1050
2022-11-29,20.74,20.780001,20.5,20.57,20.488937,12700,1051
2022-11-30,20.790001,21.74,20.719999,21.74,21.654327,10800,1052
2022-12-01,21.68,21.9,21.57,21.82,21.734013,121800,1053
2022-12-02,21.370001,21.9,21.370001,21.780001,21.694172,136600,1054
2022-12-05,21.639999,21.700001,21.17,21.200001,21.116457,17100,1055
2022-12-06,21.26,21.26,20.75,20.799999,20.718031,8600,1056
2022-12-07,20.615,20.84,20.615,20.764999,20.68317,7100,1057
2022-12-08,20.91,21.219999,20.895,21.09,21.006891,12100,1058
2022-12-09,21.15,21.42,21.15,21.15,21.066654,17400,1059
2022-12-12,21.059999,21.26,20.940001,21.129999,21.046732,9700,1060
2022-12-13,22.09,22.1,21.360001,21.5,21.415274,14000,1061
2022-12-14,21.530001,21.85,21.325001,21.48,21.395353,11600,1062
2022-12-15,21.120001,21.120001,20.58,20.59,20.50886,5700,1063
2022-12-16,20.6,20.629999,20.35,20.450001,20.369411,10000,1064
2022-12-19,20.540001,20.540001,20.07,20.16,20.080553,14500,1065
2022-12-20,20.059999,20.299999,20.059999,20.1,20.02079,11400,1066
2022-12-21,20.290001,20.58,20.25,20.5,20.419214,40500,1067
2022-12-22,20.33,20.33,19.82,20.200001,20.120398,19800,1068
2022-12-23,20.07,20.129999,19.93,20.040001,19.961027,9700,1069
2022-12-27,20.030001,20.136,19.860001,19.91,19.831539,25900,1070
2022-12-28,19.91,19.945,19.58,19.58,19.50284,23000,1071
2022-12-29,19.799999,20.261,19.799999,20.120001,20.098194,15600,1072
2022-12-30,20.073999,20.139999,19.85,20.1,20.078217,64300,1073
2023-01-03,20.35,20.35,20.1,20.110001,20.088205,14600,1074
2023-01-04,20.59,20.879999,20.5,20.76,20.737501,33000,1075
2023-01-05,20.530001,20.6,20.360001,20.360001,20.337934,13900,1076
2023-01-06,20.5,20.941999,20.32,20.790001,20.767469,15800,1077
2023-01-09,21.1,21.549999,21.1,21.280001,21.256937,25400,1078
2023-01-10,21.110001,21.49,21.110001,21.49,21.466709,66400,1079
2023-01-11,21.42,21.67,21.290001,21.635,21.611553,35200,1080
2023-01-12,21.700001,21.92,21.549999,21.73,21.70645,23300,1081
2023-01-13,21.65,22.09,21.65,22.09,22.066059,201600,1082
2023-01-17,22.07,22.09,21.773001,22.049999,22.026102,45500,1083
2023-01-18,22.25,22.26,21.719999,21.719999,21.696459,15300,1084
2023-01-19,21.59,21.754999,21.41,21.615999,21.592571,13200,1085
2023-01-20,21.790001,22.309999,21.74,22.246,22.221889,16800,1086
2023-01-23,22.360001,22.83,22.360001,22.790001,22.765301,13800,1087
2023-01-24,22.6,23.396,22.35,22.559999,22.535549,15700,1088
2023-01-25,22.4,22.83,22.200001,22.684999,22.660414,31400,1089
2023-01-26,23.049999,23.139999,22.792,23.139999,23.11492,176100,1090
2023-01-27,22.99,23.450001,22.99,23.18,23.154879,170100,1091
2023-01-30,23.08,23.08,22.65,22.65,22.625452,31000,1092
2023-01-31,22.709999,22.99,22.67,22.860001,22.835226,8800,1093
2023-02-01,23.030001,23.780001,22.860001,23.576,23.550449,24600,1094
2023-02-02,24.08,24.58,24,24.239,24.21273,102400,1095
2023-02-03,23.83,24.33,23.83,23.879999,23.854118,91600,1096
2023-02-06,23.59,23.76,23.43,23.559999,23.534466,26600,1097
2023-02-07,23.559999,24.02,23.368,23.950001,23.924044,52000,1098
2023-02-08,23.83,23.91,23.52,23.67,23.644346,32600,1099
2023-02-09,24.040001,24.09,23.5,23.610001,23.584412,34800,1100
2023-02-10,23.379999,23.389999,22.99,23.129999,23.104931,21500,1101
2023-02-13,23.309999,23.59,23.219999,23.58,23.554443,17700,1102
2023-02-14,23.4,23.780001,23.370001,23.690001,23.664326,7000,1103
2023-02-15,23.620001,23.955,23.5,23.950001,23.924044,13300,1104
2023-02-16,23.639999,23.93,23.57,23.610001,23.584412,19100,1105
2023-02-17,23.379999,23.389999,23.02,23.200001,23.174856,27800,1106
2023-02-21,22.950001,22.99,22.629999,22.639999,22.615463,34800,1107
2023-02-22,22.75,22.85,22.51,22.549999,22.52556,29400,1108
2023-02-23,23.02,23.02,22.6,22.93,22.905149,166400,1109
2023-02-24,22.5,22.5,22.17,22.299999,22.275831,35200,1110
2023-02-27,22.629999,22.75,22.497999,22.57,22.545538,16000,1111
2023-02-28,22.540001,22.68,22.5,22.559999,22.535549,11700,1112
2023-03-01,22.66,22.799999,22.43,22.57,22.545538,12300,1113
2023-03-02,22.4,22.83,22.4,22.799999,22.77529,15300,1114
2023-03-03,22.92,23.181999,22.743999,23.08,23.054987,19400,1115
2023-03-06,23.23,23.450001,23.09,23.110001,23.084953,54300,1116
2023-03-07,23.09,23.15,22.719999,22.73,22.705364,20600,1117
2023-03-08,22.719999,22.872,22.700001,22.799999,22.77529,13600,1118
2023-03-09,22.799999,23.040001,22.27,22.315001,22.290815,61800,1119
2023-03-10,22.33,22.379999,21.83,21.9,21.876265,26700,1120
2023-03-13,21.82,22.24,21.6,22.01,21.986147,28600,1121
2023-03-14,22.299999,22.57,22.25,22.379999,22.355743,16800,1122
2023-03-15,22.120001,22.33,22,22.33,22.305799,15700,1123
2023-03-16,22.24,22.934,22.24,22.85,22.825235,15700,1124
2023-03-17,22.959999,22.99,22.68,22.860001,22.835226,16000,1125
2023-03-20,22.82,22.999001,22.690001,22.99,22.965084,14400,1126
2023-03-21,23.139999,23.48,23.08,23.309999,23.284737,24100,1127
2023-03-22,23.379999,23.67,23.120001,23.120001,23.094944,44900,1128
2023-03-23,23.469999,23.860001,23.325001,23.559999,23.534466,41800,1129
2023-03-24,23.42,23.559999,23.24,23.438,23.412598,49500,1130
2023-03-27,23.48,23.52,23.16,23.4,23.37464,9500,1131
2023-03-28,23.459999,23.48,23.23,23.48,23.454552,41600,1132
2023-03-29,23.709999,23.959,23.562,23.948999,23.923044,35600,1133
2023-03-30,24.25,24.620001,24.08,24.24,24.213728,70400,1134
2023-03-31,24.51,24.639999,24.24,24.59,24.563351,58800,1135
2023-04-03,24.42,24.540001,24.200001,24.49,24.463457,51500,1136
2023-04-04,24.5,24.620001,24.32,24.385,24.358572,17200,1137
2023-04-05,24.299999,24.299999,23.798,23.93,23.904066,49400,1138
2023-04-06,23.860001,24.15,23.700001,24.040001,24.013947,35700,1139
2023-04-10,23.940001,24.190001,23.799999,24.135,24.108843,32500,1140
2023-04-11,24.18,24.190001,24.01,24.040001,24.013947,44600,1141
2023-04-12,24.15,24.184999,23.73,23.780001,23.754229,37300,1142
2023-04-13,23.92,24.282,23.827,24.18,24.153793,43200,1143
2023-04-14,24.040001,24.23,23.860001,24.059999,24.033924,21400,1144
2023-04-17,24.1,24.219999,24,24.15,24.123827,29900,1145
2023-04-18,24.309999,24.4,24.040001,24.16,24.133816,65600,1146
2023-04-19,23.91,24.059999,23.83,23.950001,23.924044,37700,1147
2023-04-20,23.809999,23.913,23.559999,23.610001,23.584412,17500,1148
2023-04-21,23.639999,23.76,23.5,23.719999,23.694292,10900,1149
2023-04-24,23.65,23.764999,23.406,23.535,23.509493,118500,1150
2023-04-25,23.360001,23.360001,22.85,22.93,22.905149,75500,1151
2023-04-26,23.25,23.35,22.940001,23.110001,23.084953,87100,1152
2023-04-27,23.360001,23.690001,23.16,23.66,23.634357,82600,1153
2023-04-28,23.620001,23.847,23.530001,23.83,23.804173,251400,1154
2023-05-01,23.85,23.9,23.700001,23.77,23.744238,71900,1155
2023-05-02,23.77,23.780001,23.379999,23.549999,23.524475,54500,1156
2023-05-03,23.59,23.77,23.4,23.469999,23.444563,29300,1157
2023-05-04,23.440001,23.549999,23.25,23.41,23.384628,184200,1158
2023-05-05,23.549999,23.875,23.549999,23.82,23.794184,48900,1159
2023-05-08,23.84,23.92,23.73,23.91,23.884087,71800,1160
2023-05-09,23.700001,23.91,23.6,23.719999,23.694292,102200,1161
2023-05-10,23.959999,24.07,23.73,23.98,23.95401,83400,1162
2023-05-11,24.030001,24.110001,23.799999,23.969999,23.944021,50000,1163
2023-05-12,23.959999,23.969999,23.622999,23.76,23.734249,42600,1164
2023-05-15,23.950001,24.18,23.870001,24.16,24.133816,64500,1165
2023-05-16,24.1,24.299999,24.049999,24.219999,24.19375,313400,1166
2023-05-17,24.27,24.68,24.209999,24.620001,24.593317,127900,1167
2023-05-18,24.65,25.08,24.59,25.08,25.052818,358100,1168
2023-05-19,25.09,25.200001,25,25.120001,25.092775,227200,1169
2023-05-22,25.16,25.43,25.09,25.309999,25.282568,219700,1170
2023-05-23,25.17,25.27,24.85,24.9,24.873013,233700,1171
2023-05-24,24.74,24.799999,24.5,24.75,24.723177,120200,1172
2023-05-25,25.360001,25.41,25.1,25.299999,25.272579,586000,1173
2023-05-26,25.459999,26.120001,25.42,26.049999,26.021767,532000,1174
2023-05-30,26.450001,26.530001,26.110001,26.26,26.231541,868600,1175
2023-05-31,26.049999,26.190001,25.870001,26.129999,26.101679,422900,1176
2023-06-01,26.1,26.608999,26,26.5,26.471279,427900,1177
2023-06-02,26.780001,26.898001,26.559999,26.74,26.71102,346500,1178
2023-06-05,26.709999,26.84,26.507999,26.68,26.651085,272300,1179
2023-06-06,26.68,26.93,26.509001,26.860001,26.830891,291600,1180
2023-06-07,26.870001,27.049999,26.35,26.43,26.401356,351700,1181
2023-06-08,26.469999,26.825001,26.4,26.780001,26.750977,236500,1182
2023-06-09,27.01,27.27,26.92,27,26.970737,304000,1183
2023-06-12,27.24,27.525,27.17,27.52,27.490175,507600,1184
2023-06-13,27.969999,27.979,27.65,27.879999,27.849783,697700,1185
2023-06-14,27.879999,28.129,27.709999,28.059999,28.029589,533400,1186
2023-06-15,28,28.58,27.940001,28.5,28.469112,664600,1187
2023-06-16,28.76,28.76,28.25,28.309999,28.279318,713400,1188
2023-06-20,28.17,28.27,27.85,28.1,28.069546,510100,1189
2023-06-21,28.049999,28.07,27.469999,27.610001,27.580076,505000,1190
2023-06-22,27.370001,27.74,27.34,27.74,27.709936,474600,1191
2023-06-23,27.360001,27.568001,27.25,27.43,27.400272,540400,1192
2023-06-26,27.43,27.690001,27.15,27.200001,27.170521,187500,1193
2023-06-27,27.35,27.73,27.219999,27.66,27.630022,451900,1194
2023-06-28,27.52,27.84,27.5,27.68,27.650002,222300,1195
2023-06-29,27.639999,27.68,27.450001,27.59,27.59,449900,1196
2023-06-30,27.879999,28.101,27.76,27.959999,27.959999,522900,1197
2023-07-03,28.059999,28.157,27.93,28.040001,28.040001,211000,1198
2023-07-05,27.91,28.084999,27.879999,28.01,28.01,425900,1199
2023-07-06,27.66,27.68,27.357,27.549999,27.549999,241500,1200
2023-07-07,27.549999,27.985001,27.549999,27.65,27.65,307600,1201
2023-07-10,27.68,27.85,27.6,27.85,27.85,294700,1202
2023-07-11,27.99,28.15,27.75,28.1,28.1,338200,1203
2023-07-12,28.6,28.629999,28.360001,28.610001,28.610001,560100,1204
2023-07-13,28.91,29.23,28.85,29.190001,29.190001,631900,1205
2023-07-14,29.190001,29.329,28.940001,29.01,29.01,478500,1206
2023-07-17,29.040001,29.370001,29.01,29.309999,29.309999,699700,1207
2023-07-18,29.23,29.558001,29.040001,29.49,29.49,595500,1208
2023-07-19,29.629999,29.74,29.375999,29.49,29.49,542800,1209
2023-07-20,29.18,29.24,28.57,28.68,28.68,525700,1210
2023-07-21,28.85,28.938,28.563,28.620001,28.620001,287700,1211
2023-07-24,28.67,28.780001,28.440001,28.700001,28.700001,272500,1212
2023-07-25,28.83,29.025,28.812,28.92,28.92,275700,1213
2023-07-26,28.83,29.01,28.639999,28.9,28.9,290600,1214
2023-07-27,29.459999,29.48,28.721001,28.85,28.85,396000,1215
2023-07-28,29.219999,29.540001,29.15,29.51,29.51,475700,1216
2023-07-31,29.51,29.659,29.450001,29.629999,29.629999,466500,1217
2023-08-01,29.41,29.450001,29.212999,29.41,29.41,370500,1218
2023-08-02,29.01,29.039,28.475,28.620001,28.620001,362700,1219
2023-08-03,28.360001,28.6,28.280001,28.49,28.49,253200,1220
2023-08-04,28.65,28.809999,28.35,28.370001,28.370001,369100,1221
2023-08-07,28.59,28.59,28.32,28.549999,28.549999,311500,1222
2023-08-08,28.18,28.219999,27.889999,28.184999,28.184999,822100,1223
2023-08-09,28.27,28.27,27.754999,27.860001,27.860001,257300,1224
2023-08-10,28.1,28.360001,27.783001,27.9,27.9,208300,1225
2023-08-11,27.67,27.76,27.525,27.59,27.59,236700,1226
2023-08-14,27.52,27.879999,27.42,27.879999,27.879999,656400,1227
2023-08-15,27.780001,27.794001,27.48,27.559999,27.559999,435800,1228
2023-08-16,27.440001,27.52,27.160999,27.17,27.17,250500,1229
2023-08-17,27.360001,27.42,26.92,26.950001,26.950001,347200,1230
2023-08-18,26.65,26.969999,26.559,26.870001,26.870001,355000,1231
2023-08-21,27.01,27.27,26.879999,27.24,27.24,760600,1232
2023-08-22,27.49,27.49,27.17,27.25,27.25,262800,1233
2023-08-23,27.35,27.85,27.299999,27.77,27.77,306100,1234
2023-08-24,28.16,28.16,27.27,27.290001,27.290001,294900,1235
2023-08-25,27.34,27.6,27.030001,27.52,27.52,284800,1236
2023-08-28,27.719999,27.83,27.583,27.780001,27.780001,184000,1237
2023-08-29,27.780001,28.4,27.746,28.389999,28.389999,554500,1238
2023-08-30,28.26,28.5,28.200001,28.48,28.48,337400,1239
2023-08-31,28.559999,28.714001,28.5,28.57,28.57,330400,1240
2023-09-01,28.889999,28.98,28.709999,28.82,28.82,405400,1241
2023-09-05,28.709999,28.879,28.610001,28.799999,28.799999,347000,1242
2023-09-06,28.700001,28.809999,28.459999,28.639999,28.639999,265700,1243
2023-09-07,28.299999,28.4,28.128,28.379999,28.379999,384400,1244
2023-09-08,28.32,28.51,28.280001,28.34,28.34,234000,1245
2023-09-11,28.620001,28.74,28.450001,28.700001,28.700001,381000,1246
2023-09-12,28.459999,28.59,28.219999,28.23,28.23,257100,1247
2023-09-13,28.280001,28.379999,28.120001,28.26,28.26,394400,1248
2023-09-14,28.450001,28.49,28.209999,28.42,28.42,349500,1249
2023-09-15,28.280001,28.35,27.92,27.98,27.98,248500,1250
2023-09-18,27.860001,27.99,27.82,27.870001,27.870001,351000,1251
2023-09-19,27.809999,27.85,27.6,27.799999,27.799999,268800,1252
2023-09-20,27.879999,27.958,27.42,27.459999,27.459999,223500,1253
2023-09-21,27.1,27.16,26.84,26.860001,26.860001,293400,1254
2023-09-22,27.200001,27.209999,26.91,26.950001,26.950001,337100,1255
2023-09-25,26.780001,27.01,26.719999,26.93,26.93,214900,1256