Date,Open,High,Low,Close,Adj Close,Volume,Days
2018-03-12,35.009998,35.220001,34.959999,35.049999,30.807489,406000,0
2018-03-13,34.91,34.98,34.549999,34.610001,30.42075,726000,1
2018-03-14,34.860001,34.860001,34.490002,34.599998,30.411959,602400,2
2018-03-15,34.84,34.93,34.619999,34.73,30.526224,534700,3
2018-03-16,34.650002,34.830002,34.610001,34.759998,30.552591,488700,4
2018-03-19,34.419998,34.459999,33.939999,34.119999,29.990065,556800,5
2018-03-20,34.279999,34.5,34.279999,34.419998,30.253748,316700,6
2018-03-21,34.419998,34.73,34.330002,34.490002,30.315275,490800,7
2018-03-22,34.279999,34.389999,33.939999,33.939999,29.831846,563900,8
2018-03-23,33.380001,33.5,32.860001,32.91,28.926519,1074900,9
2018-03-26,33.369999,33.66,33.060001,33.639999,29.568159,801700,10
2018-03-27,33.990002,34.27,33.540001,33.73,29.64727,1439700,11
2018-03-28,34.349998,34.619999,34.189999,34.419998,30.434202,1409200,12
2018-03-29,34.560001,34.91,34.330002,34.73,30.708303,535800,13
2018-04-02,34.380001,34.450001,33.779999,34,30.062841,625100,14
2018-04-03,34.25,34.529999,34.09,34.48,30.487261,746400,15
2018-04-04,34.02,34.73,34.02,34.66,30.646412,609900,16
2018-04-05,34.77,35.049999,34.68,34.880001,30.840935,639100,17
2018-04-06,34.52,34.610001,34.060001,34.23,30.266209,667600,18
2018-04-09,34.43,34.639999,34.290001,34.299999,30.328098,373200,19
2018-04-10,35.330002,35.439999,35.220001,35.369999,31.274195,806100,20
2018-04-11,35.259998,35.419998,35.18,35.200001,31.12388,655000,21
2018-04-12,35.130001,35.130001,34.830002,34.939999,30.893988,531900,22
2018-04-13,35.169998,35.209999,34.919998,34.98,30.929356,569700,23
2018-04-16,35.18,35.209999,35.029999,35.080002,31.017778,552200,24
2018-04-17,35.150002,35.150002,34.93,34.98,30.929356,764300,25
2018-04-18,34.75,34.810001,34.57,34.639999,30.628731,738000,26
2018-04-19,34.360001,34.419998,34.16,34.220001,30.257366,547400,27
2018-04-20,34.240002,34.27,34.07,34.18,30.221994,408600,28
2018-04-23,34.169998,34.279999,34.07,34.16,30.204311,435900,29
2018-04-24,34.369999,34.459999,34.029999,34.16,30.204311,558400,30
2018-04-25,34.5,34.619999,34.41,34.599998,30.593357,571000,31
2018-04-26,34.740002,34.779999,34.48,34.759998,30.734835,502700,32
2018-04-27,34.59,34.59,34.209999,34.209999,30.24852,339600,33
2018-04-30,34.27,34.650002,34.27,34.360001,30.381153,505800,34
2018-05-01,34,34.049999,33.740002,33.91,29.983259,390700,35
2018-05-02,33.18,33.389999,33.07,33.18,29.337799,1093600,36
2018-05-03,33.07,33.290001,32.91,33.259998,29.408529,459900,37
2018-05-04,33.200001,33.52,33.080002,33.470001,29.594217,479300,38
2018-05-07,33.200001,33.299999,33.119999,33.220001,29.373167,378000,39
2018-05-08,33.25,33.279999,32.990002,33.139999,29.302427,571200,40
2018-05-09,32.400002,32.66,32.27,32.610001,28.833803,1025300,41
2018-05-10,32.599998,32.93,32.529999,32.82,29.019482,958400,42
2018-05-11,33.049999,33.189999,33,33.080002,29.249376,366000,43
2018-05-14,33.419998,33.5,33.310001,33.310001,29.452742,490400,44
2018-05-15,33.040001,33.060001,32.790001,32.849998,29.046007,701300,45
2018-05-16,33.040001,33.150002,32.959999,33.150002,29.311268,284100,46
2018-05-17,33.099998,33.25,33.049999,33.099998,29.267057,266000,47
2018-05-18,33.220001,33.299999,32.84,32.98,29.160954,751000,48
2018-05-21,33.130001,33.259998,33.060001,33.240002,29.390848,232600,49
2018-05-22,33.259998,33.310001,32.970001,33.049999,29.222849,767300,50
2018-05-23,32.900002,33.02,32.75,33.02,29.196321,389800,51
2018-05-24,32.279999,32.41,32.099998,32.380001,28.630432,624200,52
2018-05-25,31.93,32.119999,31.790001,32.040001,28.329805,534600,53
2018-05-29,31.98,32.16,31.52,31.73,28.055702,1473300,54
2018-05-30,31.459999,31.559999,31.370001,31.530001,27.878864,1175800,55
2018-05-31,31.709999,31.799999,31.57,31.76,28.082232,579400,56
2018-06-01,31.889999,32.07,31.889999,32.009998,28.303282,335400,57
2018-06-04,32.189999,32.34,32.060001,32.169998,28.444748,579400,58
2018-06-05,31.99,32,31.82,31.950001,28.250229,338400,59
2018-06-06,32.060001,32.240002,31.91,32.209999,28.48012,668000,60
2018-06-07,32.220001,32.41,32.119999,32.130001,28.409386,615500,61
2018-06-08,32.060001,32.189999,31.959999,32.16,28.435907,378800,62
2018-06-11,32.490002,32.759998,32.490002,32.669998,28.88685,355600,63
2018-06-12,32.330002,32.330002,32.150002,32.16,28.435907,337900,64
2018-06-13,32.439999,32.509998,32.330002,32.400002,28.648119,283600,65
2018-06-14,32.369999,32.369999,32.119999,32.119999,28.400539,349500,66
2018-06-15,31.91,31.950001,31.65,31.82,28.135283,347100,67
2018-06-18,31.5,31.68,31.48,31.67,28.002651,409400,68
2018-06-19,31.280001,31.370001,31.18,31.290001,27.666653,826000,69
2018-06-20,31.110001,31.139999,31,31.030001,27.436764,575500,70
2018-06-21,30.9,30.9,30.530001,30.65,27.100767,514000,71
2018-06-22,30.620001,30.77,30.52,30.540001,27.003502,393000,72
2018-06-25,30.33,30.33,29.93,30.040001,26.561401,446600,73
2018-06-26,30.18,30.26,30.07,30.120001,26.632137,622800,74
2018-06-27,29.620001,29.74,29.26,29.280001,25.889408,908200,75
2018-06-28,29.17,29.379999,29.110001,29.309999,25.915937,403700,76
2018-06-29,29.440001,29.5,29.27,29.27,25.880569,341000,77
2018-07-02,28.860001,29.02,28.77,29,25.64183,441000,78
2018-07-03,29.07,29.200001,28.9,28.9,25.553415,263600,79
2018-07-05,29.049999,29.190001,28.99,29.120001,25.747936,523200,80
2018-07-06,29.25,29.25,29.129999,29.190001,25.809834,472900,81
2018-07-09,29.33,29.48,29.299999,29.450001,26.039728,416000,82
2018-07-10,29.51,29.67,29.51,29.610001,26.181196,472800,83
2018-07-11,29.25,29.280001,29,29.01,25.650675,523900,84
2018-07-12,29.18,29.27,29.129999,29.18,25.800993,339900,85
2018-07-13,29.280001,29.34,29.25,29.299999,25.907093,264400,86
2018-07-16,29.27,29.389999,29.07,29.15,25.774462,594800,87
2018-07-17,29.48,29.700001,29.370001,29.639999,26.207724,742500,88
2018-07-18,29.58,29.610001,29.469999,29.52,26.101622,472900,89
2018-07-19,29.42,29.49,29.27,29.379999,25.977833,545500,90
2018-07-20,29.26,29.290001,29.15,29.190001,25.809834,355700,91
2018-07-23,29.26,29.35,29.23,29.26,25.871729,390000,92
2018-07-24,29.73,29.73,29.6,29.65,26.216564,411000,93
2018-07-25,29.790001,29.91,29.08,29.860001,26.402246,924200,94
2018-07-26,30.07,30.139999,29.99,29.99,26.517191,625900,95
2018-07-27,30.299999,30.43,30.26,30.33,26.81782,696600,96
2018-07-30,30.440001,30.57,30.379999,30.43,26.906242,676500,97
2018-07-31,30.85,30.889999,30.360001,30.66,27.109608,658100,98
2018-08-01,30.85,30.950001,30.450001,30.6,27.056555,535200,99
2018-08-02,30.110001,30.139999,29.93,30.110001,26.623297,519900,100
2018-08-03,30.190001,30.66,30.190001,30.66,27.109608,530100,101
2018-08-06,30.450001,30.469999,30.27,30.290001,26.782455,524600,102
2018-08-07,30.75,30.790001,30.67,30.73,27.171499,532200,103
2018-08-08,30.74,30.77,30.67,30.73,27.171499,1166300,104
2018-08-09,30.549999,30.549999,30.18,30.24,26.738241,564200,105
2018-08-10,30.200001,30.24,29.959999,30.09,26.605618,924400,106
2018-08-13,29.799999,29.99,29.629999,29.690001,26.251932,516500,107
2018-08-14,29.91,30.02,29.870001,29.940001,26.472984,442000,108
2018-08-15,29.459999,29.48,29.200001,29.43,26.022041,496500,109
2018-08-16,29.59,29.879999,29.58,29.790001,26.340353,314000,110
2018-08-17,29.790001,30.059999,29.74,30,26.526035,349700,111
2018-08-20,30.040001,30.26,30.02,30.219999,26.720558,302000,112
2018-08-21,30.25,30.41,30.25,30.33,26.81782,331100,113
2018-08-22,30.700001,30.700001,30.450001,30.48,26.950449,400500,114
2018-08-23,30.040001,30.049999,29.83,29.959999,26.490669,416300,115
2018-08-24,29.68,29.84,29.639999,29.68,26.243092,578900,116
2018-08-27,30.15,30.469999,30.02,30.43,26.906242,767600,117
2018-08-28,30.52,30.639999,30.469999,30.48,26.950449,493000,118
2018-08-29,30.5,30.629999,30.4,30.540001,27.003502,278100,119
2018-08-30,30.129999,30.16,29.959999,30.030001,26.552563,579500,120
2018-08-31,29.74,29.83,29.51,29.629999,26.198879,673500,121
2018-09-04,29.1,29.139999,28.860001,28.98,25.624149,681500,122
2018-09-05,28.709999,28.85,28.549999,28.67,25.350046,794700,123
2018-09-06,28.74,28.799999,28.559999,28.75,25.420786,658200,124
2018-09-07,28.73,28.75,28.549999,28.65,25.332363,465800,125
2018-09-10,28.66,28.719999,28.540001,28.57,25.261627,366600,126
2018-09-11,28.379999,28.440001,28.190001,28.440001,25.146681,545700,127
2018-09-12,28.07,28.309999,28,28.16,24.899103,667200,128
2018-09-13,28.719999,28.76,28.469999,28.6,25.288149,439200,129
2018-09-14,28.85,28.940001,28.799999,28.9,25.553415,484000,130
2018-09-17,29.059999,29.120001,28.950001,28.98,25.624149,460400,131
2018-09-18,29.5,29.73,29.4,29.690001,26.251932,649600,132
2018-09-19,30.219999,30.379999,30.18,30.280001,26.773613,487100,133
2018-09-20,30.540001,30.68,30.450001,30.6,27.056555,451900,134
2018-09-21,30.83,30.940001,30.82,30.870001,27.29529,436300,135
2018-09-24,30.719999,30.799999,30.51,30.66,27.109608,420600,136
2018-09-25,31,31.040001,30.690001,30.73,27.171499,751300,137
2018-09-26,30.299999,30.440001,30.17,30.299999,26.966801,553800,138
2018-09-27,30.299999,30.549999,30.26,30.35,27.011301,613600,139
2018-09-28,30.23,30.23,30,30.08,26.771008,528700,140
2018-10-01,30.379999,30.42,30.24,30.42,27.073603,792000,141
2018-10-02,30.450001,30.57,30.389999,30.459999,27.109205,661800,142
2018-10-03,29.700001,29.73,29.32,29.370001,26.139107,1006600,143
2018-10-04,29.4,29.459999,29.09,29.15,25.943312,621800,144
2018-10-05,29.17,29.219999,28.780001,28.85,25.676315,619400,145
2018-10-08,28.790001,28.969999,28.629999,28.940001,25.756413,507800,146
2018-10-09,28.440001,28.49,28.17,28.280001,25.169018,760000,147
2018-10-10,28.299999,28.299999,27.84,27.84,24.77742,1234500,148
2018-10-11,27.559999,27.780001,26.959999,27.139999,24.154427,1065900,149
2018-10-12,27.4,27.4,26.9,27.209999,24.216721,1075700,150
2018-10-15,26.969999,27.26,26.809999,27.049999,24.074322,1035100,151
2018-10-16,27.469999,27.709999,27.41,27.700001,24.652824,666600,152
2018-10-17,27.65,27.65,27.379999,27.58,24.546019,720700,153
2018-10-18,27.58,27.6,27.030001,27.129999,24.145523,867900,154
2018-10-19,27.1,27.379999,27.09,27.17,24.181124,589300,155
2018-10-22,27.35,27.35,26.959999,27.08,24.101025,690300,156
2018-10-23,26.639999,27.25,26.469999,27.18,24.190022,951300,157
2018-10-24,26.82,26.84,26.040001,26.040001,23.17543,1250100,158
2018-10-25,26.32,26.809999,26.26,26.629999,23.700527,961800,159
2018-10-26,26.379999,27.02,26.360001,26.75,23.807327,1089800,160
2018-10-29,27.040001,27.27,26.34,26.700001,23.762829,1562600,161
2018-10-30,27.200001,27.870001,26.99,27.809999,24.750721,1722700,162
2018-10-31,28.530001,28.68,28.440001,28.5,25.364815,1770100,163
2018-11-01,28.65,28.85,28.57,28.84,25.667416,1117300,164
2018-11-02,28.85,28.969999,28.209999,28.43,25.302519,1032700,165
2018-11-05,28.41,28.73,28.41,28.6,25.453812,890200,166
2018-11-06,29.09,29.32,29.07,29.299999,26.076809,989600,167
2018-11-07,28.82,28.91,28.700001,28.889999,25.71191,1143800,168
2018-11-08,28.65,28.73,28.379999,28.459999,25.329216,649100,169
2018-11-09,28.549999,28.57,28.33,28.5,25.364815,691200,170
2018-11-12,28.469999,28.530001,28.15,28.16,25.062214,1000000,171
2018-11-13,28.200001,28.49,28.059999,28.139999,25.044416,736600,172
2018-11-14,28.34,28.48,28.1,28.299999,25.186811,721100,173
2018-11-15,28.139999,28.23,27.84,28.219999,25.115614,944700,174
2018-11-16,28.07,28.280001,27.98,28.209999,25.106718,486800,175
2018-11-19,28.190001,28.370001,28,28.049999,24.964315,935600,176
2018-11-20,27.77,27.860001,27.52,27.6,24.56382,665400,177
2018-11-21,27.91,28.110001,27.91,27.93,24.857519,466100,178
2018-11-23,27.84,27.889999,27.74,27.76,24.706221,298500,179
2018-11-26,28,28.32,28,28.290001,25.177917,842900,180
2018-11-27,28.290001,28.360001,27.959999,28.030001,24.94652,677500,181
2018-11-28,27.879999,28.040001,27.57,28.040001,24.955421,828700,182
2018-11-29,27.82,27.950001,27.700001,27.82,24.759619,633500,183
2018-11-30,28.049999,28.209999,27.98,28.17,25.071115,556600,184
2018-12-03,28.719999,28.780001,28.59,28.719999,25.56061,629700,185
2018-12-04,28.309999,28.34,27.6,27.68,24.635023,902200,186
2018-12-06,27.15,27.26,26.719999,27.25,24.252325,1138300,187
2018-12-07,27.219999,27.5,26.82,26.889999,23.931923,979200,188
2018-12-10,26.9,26.91,26.41,26.799999,23.851828,878900,189
2018-12-11,27.1,27.17,26.620001,26.77,23.825127,1373500,190
2018-12-12,27.299999,27.469999,27.25,27.26,24.261223,550900,191
2018-12-13,27.4,27.440001,27.1,27.23,24.234522,771900,192
2018-12-14,26.940001,27.110001,26.860001,26.91,23.949726,771200,193
2018-12-17,26.77,26.860001,26.42,26.540001,23.62043,1062200,194
2018-12-18,26.9,27.15,26.809999,26.879999,23.923025,929600,195
2018-12-19,27.1,27.440001,26.629999,26.76,23.816225,1067200,196
2018-12-20,26.629999,26.67,26.32,26.51,23.593725,1041700,197
2018-12-21,26.190001,26.43,25.9,25.9,23.050833,1362300,198
2018-12-24,25.68,25.870001,25.440001,25.469999,22.668133,610400,199
2018-12-26,25.6,26.02,25.299999,26.01,23.148731,1076400,200
2018-12-27,25.65,26.190001,25.57,26.18,23.480579,1281300,201
2018-12-28,26.299999,26.700001,26.17,26.41,23.686865,1105000,202
2018-12-31,26.549999,26.66,26.35,26.450001,23.722742,1158400,203
2019-01-02,26.110001,26.59,26.01,26.48,23.749649,655900,204
2019-01-03,26.4,26.48,26.059999,26.120001,23.426767,937000,205
2019-01-04,26.76,27.440001,26.700001,27.309999,24.49407,826300,206
2019-01-07,27.540001,28,27.450001,27.82,24.951479,806700,207
2019-01-08,28.57,28.75,28.42,28.48,25.543427,949400,208
2019-01-09,28.75,28.809999,28.58,28.700001,25.740744,506000,209
2019-01-10,28.58,28.91,28.57,28.879999,25.902184,471200,210
2019-01-11,29.17,29.32,29.040001,29.27,26.251972,1067500,211
2019-01-14,29.16,29.690001,29.110001,29.43,26.395475,1172600,212
2019-01-15,29.549999,29.549999,29.26,29.440001,26.404444,890700,213
2019-01-16,29.51,29.65,29.48,29.51,26.467226,691100,214
2019-01-17,29.299999,29.73,29.280001,29.540001,26.494133,488500,215
2019-01-18,29.73,29.85,29.610001,29.76,26.691444,571900,216
2019-01-22,29.620001,29.65,29.360001,29.51,26.467226,704700,217
2019-01-23,29.530001,29.610001,29.15,29.299999,26.278877,587000,218
2019-01-24,29.48,29.690001,29.450001,29.639999,26.583817,519700,219
2019-01-25,29.91,30.110001,29.9,30.01,26.91567,431600,220
2019-01-28,29.66,29.940001,29.540001,29.889999,26.808039,1147500,221
2019-01-29,29.85,29.99,29.75,29.76,26.691444,531300,222
2019-01-30,29.780001,30.120001,29.629999,30.02,26.924641,501400,223
2019-01-31,29.809999,30.08,29.75,30.07,26.969481,823400,224
2019-02-01,29.34,29.700001,29.01,29.129999,26.126406,665200,225
2019-02-04,28.559999,28.559999,28.290001,28.42,25.489614,1064800,226
2019-02-05,28.09,28.129999,27.99,28.030001,25.13983,851600,227
2019-02-06,27.84,27.84,27.469999,27.52,24.682415,848300,228
2019-02-07,27.299999,27.299999,26.870001,27.01,24.225002,830200,229
2019-02-08,26.700001,26.809999,26.48,26.76,24.000778,562500,230
2019-02-11,26.91,26.91,26.65,26.65,23.902119,638500,231
2019-02-12,26.889999,26.959999,26.799999,26.889999,24.117371,636500,232
2019-02-13,27.110001,27.17,26.969999,27.02,24.233969,381800,233
2019-02-14,27.25,27.34,27.08,27.32,24.503033,1008600,234
2019-02-15,27.15,27.379999,27.15,27.370001,24.547882,439200,235
2019-02-19,27.23,27.629999,27.219999,27.559999,24.71829,857100,236
2019-02-20,27.49,27.82,27.450001,27.610001,24.763134,990400,237
2019-02-21,28.030001,28.030001,27.66,27.73,24.870758,707800,238
2019-02-22,28.18,28.25,28.059999,28.17,25.26539,815500,239
2019-02-25,28.469999,28.540001,28.360001,28.389999,25.462708,484600,240
2019-02-26,28.440001,28.6,28.42,28.51,25.570337,451100,241
2019-02-27,28.559999,28.59,28.360001,28.450001,25.516521,417200,242
2019-02-28,28.35,28.41,28.18,28.27,25.35508,596300,243
2019-03-01,28.41,28.459999,28.209999,28.35,25.42683,432600,244
2019-03-04,27.889999,27.91,27.58,27.700001,24.843857,516200,245
2019-03-05,27.719999,27.73,27.540001,27.6,24.754168,501700,246
2019-03-06,27.67,27.75,27.620001,27.639999,24.790035,405000,247
2019-03-07,27.34,27.370001,27.049999,27.1,24.305721,606400,248
2019-03-08,26.860001,27.059999,26.809999,27.049999,24.260874,363800,249
2019-03-11,27.15,27.48,27.15,27.43,24.60169,353000,250
2019-03-12,27.41,27.450001,27.33,27.34,24.520973,288100,251
2019-03-13,27.309999,27.51,27.280001,27.4,24.574789,257700,252
2019-03-14,27.190001,27.290001,27.07,27.219999,24.413342,400400,253
2019-03-15,27.440001,27.58,27.360001,27.450001,24.619635,761600,254
2019-03-18,27.450001,27.6,27.42,27.58,24.736225,540400,255
2019-03-19,27.790001,27.98,27.700001,27.719999,24.86179,586400,256
2019-03-20,27.709999,27.73,27.389999,27.459999,24.628599,357600,257
2019-03-21,27.41,27.66,27.41,27.66,24.807976,414200,258
2019-03-22,27.459999,27.52,27.16,27.280001,24.467159,544900,259
2019-03-25,27.139999,27.290001,27.040001,27.120001,24.323656,395600,260
2019-03-26,27.6,27.76,27.370001,27.469999,24.637566,489600,261
2019-03-27,27.379999,27.41,27.129999,27.16,24.54719,366800,262
2019-03-28,27.25,27.32,27.16,27.299999,24.673719,386600,263
2019-03-29,27.26,27.27,27.15,27.17,24.556227,299900,264
2019-04-01,27.700001,27.940001,27.66,27.889999,25.206961,489100,265
2019-04-02,28,28.09,27.889999,28,25.306381,308900,266
2019-04-03,28.27,28.34,28.129999,28.139999,25.432911,331300,267
2019-04-04,28.309999,28.48,28.309999,28.440001,25.704054,318800,268
2019-04-05,28.41,28.49,28.370001,28.450001,25.713091,285300,269
2019-04-08,28.200001,28.32,28.110001,28.24,25.523293,339100,270
2019-04-09,28.24,28.24,28.049999,28.08,25.378687,337400,271
2019-04-10,28.08,28.110001,27.9,28.110001,25.405798,301800,272
2019-04-11,27.700001,27.9,27.6,27.74,25.071394,532500,273
2019-04-12,27.84,28.040001,27.82,27.91,25.225039,397800,274
2019-04-15,27.91,28.01,27.870001,27.969999,25.279264,902900,275
2019-04-16,28.07,28.209999,27.940001,27.99,25.29734,393800,276
2019-04-17,28.360001,28.48,28.280001,28.33,25.604633,357500,277
2019-04-18,28.870001,28.98,28.84,28.879999,26.101725,383500,278
2019-04-22,28.43,28.450001,28.280001,28.35,25.622711,366100,279
2019-04-23,28.450001,28.52,28.370001,28.51,25.767319,299900,280
2019-04-24,27.76,27.799999,27.57,27.68,25.017166,663300,281
2019-04-25,27.719999,27.83,27.66,27.77,25.098507,523600,282
2019-04-26,27.879999,28.01,27.83,27.98,25.288303,327200,283
2019-04-29,27.959999,28.1,27.92,28.01,25.315418,447600,284
2019-04-30,28,28.040001,27.75,27.889999,25.206961,330700,285
2019-05-01,27.950001,28,27.700001,27.73,25.062355,336700,286
2019-05-02,27.799999,27.889999,27.66,27.780001,25.107546,244600,287
2019-05-03,27.93,28.02,27.9,27.959999,25.270231,335200,288
2019-05-06,27.530001,27.799999,27.389999,27.719999,25.053316,538700,289
2019-05-07,27.66,27.709999,27.450001,27.6,24.94486,446900,290
2019-05-08,26.459999,26.85,26.35,26.75,24.17663,1191300,291
2019-05-09,25.93,26.1,25.73,26.02,23.516863,1931600,292
2019-05-10,25.870001,26.120001,25.639999,26.09,23.580124,697700,293
2019-05-13,25.58,25.620001,25.389999,25.42,22.974581,682600,294
2019-05-14,25.700001,25.73,25.48,25.620001,23.155338,433700,295
2019-05-15,25.42,25.879999,25.32,25.83,23.345137,721400,296
2019-05-16,25.610001,25.82,25.530001,25.77,23.290911,698800,297
2019-05-17,25.690001,25.84,25.629999,25.629999,23.164373,644100,298
2019-05-20,25.6,25.6,25.450001,25.530001,23.073996,503000,299
2019-05-21,25.639999,25.76,25.59,25.709999,23.236679,433100,300
2019-05-22,25.68,25.709999,25.530001,25.540001,23.083033,336000,301
2019-05-23,25.42,25.450001,25.15,25.280001,22.848047,490200,302
2019-05-24,25.5,25.610001,25.370001,25.440001,22.992657,407600,303
2019-05-28,25.32,25.35,25.1,25.1,22.68536,703700,304
2019-05-29,25.139999,25.190001,25,25.15,22.730553,889500,305
2019-05-30,25.25,25.299999,25.15,25.190001,22.766708,467500,306
2019-05-31,24.440001,24.82,24.43,24.610001,22.242502,1986500,307
2019-06-03,24.639999,24.889999,24.639999,24.83,22.441339,707900,308
2019-06-04,25.17,25.530001,25.17,25.48,23.028807,516400,309
2019-06-05,25.82,26,25.459999,25.629999,23.164373,507200,310
2019-06-06,25.469999,25.530001,25.34,25.450001,23.001692,568600,311
2019-06-07,25.48,25.629999,25.459999,25.58,23.119186,396100,312
2019-06-10,25.6,25.84,25.6,25.709999,23.236679,585500,313
2019-06-11,25.82,26.09,25.809999,25.959999,23.462631,1090100,314
2019-06-12,25.809999,25.809999,25.620001,25.639999,23.173416,943200,315
2019-06-13,25.540001,25.75,25.49,25.74,23.263792,1039900,316
2019-06-14,25.450001,25.469999,25.139999,25.34,22.902273,1144300,317
2019-06-17,25.58,25.66,25.5,25.559999,23.101109,395600,318
2019-06-18,25.75,26.040001,25.700001,25.879999,23.390322,463700,319
2019-06-19,25.82,25.950001,25.709999,25.809999,23.327059,372900,320
2019-06-20,26.01,26.01,25.85,25.959999,23.462631,392500,321
2019-06-21,25.879999,25.950001,25.84,25.84,23.354176,302900,322
2019-06-24,25.969999,25.969999,25.83,25.84,23.354176,466400,323
2019-06-25,25.77,25.870001,25.66,25.75,23.272835,532800,324
2019-06-26,25.610001,25.66,25.51,25.51,23.245497,371100,325
2019-06-27,25.83,25.85,25.700001,25.84,23.546202,310700,326
2019-06-28,25.879999,25.98,25.809999,25.84,23.546202,374600,327
2019-07-01,26.290001,26.34,26.049999,26.120001,23.801348,455200,328
2019-07-02,26.16,26.23,26.059999,26.1,23.783121,359200,329
2019-07-03,26.09,26.120001,26,26.059999,23.746674,189500,330
2019-07-05,26.09,26.190001,25.969999,26.16,23.837793,286600,331
2019-07-08,26.15,26.280001,26.15,26.190001,23.865133,317200,332
2019-07-09,26.110001,26.16,25.99,26.07,23.755783,368200,333
2019-07-10,26.33,26.450001,26.309999,26.389999,24.047377,392200,334
2019-07-11,26.4,26.4,26.15,26.26,23.928917,329900,335
2019-07-12,26.34,26.58,26.34,26.48,24.129387,342300,336
2019-07-15,26.559999,26.6,26.41,26.540001,24.184063,1136400,337
2019-07-16,26.309999,26.360001,26.049999,26.16,23.837793,940300,338
2019-07-17,26.030001,26.030001,25.860001,25.879999,23.582649,598400,339
2019-07-18,25.68,25.84,25.610001,25.76,23.473305,540900,340
2019-07-19,25.98,26.09,25.879999,25.879999,23.582649,475800,341
2019-07-22,26.030001,26.040001,25.82,25.860001,23.564425,419700,342
2019-07-23,26.09,26.26,26.09,26.200001,23.874245,652800,343
2019-07-24,26.290001,26.370001,26.25,26.360001,24.020039,327200,344
2019-07-25,26.24,26.25,26.02,26.030001,23.719339,411200,345
2019-07-26,25.73,25.809999,25.610001,25.75,23.46419,547600,346
2019-07-29,25.6,25.6,25.48,25.530001,23.26372,598200,347
2019-07-30,25.4,25.4,25.25,25.32,23.072363,470200,348
2019-07-31,25.120001,25.129999,24.77,24.879999,22.671419,778100,349
2019-08-01,25.120001,25.23,24.719999,24.82,22.616747,786000,350
2019-08-02,24.57,24.6,24.32,24.459999,22.288702,522100,351
2019-08-05,24.299999,24.4,23.870001,24.1,21.960661,1654000,352
2019-08-06,24.129999,24.18,23.85,24.139999,21.99711,936500,353
2019-08-07,23.879999,24.049999,23.74,23.98,21.851311,803400,354
2019-08-08,23.950001,24.24,23.85,24.18,22.033558,616900,355
2019-08-09,24.129999,24.129999,23.870001,23.940001,21.814863,548200,356
2019-08-12,23.85,23.9,23.68,23.73,21.623503,582900,357
2019-08-13,23.549999,23.9,23.51,23.709999,21.605282,708800,358
2019-08-14,23.25,23.280001,22.91,22.92,20.885408,1142000,359
2019-08-15,23.1,23.17,22.870001,22.99,20.949192,950600,360
2019-08-16,23.09,23.33,23.09,23.32,21.249899,597500,361
2019-08-19,23.42,23.43,23.309999,23.309999,21.240788,396300,362
2019-08-20,23.440001,23.440001,23.190001,23.200001,21.140556,639900,363
2019-08-21,23.41,23.440001,23.280001,23.280001,21.213451,408800,364
2019-08-22,23.27,23.35,23.190001,23.209999,21.149666,439000,365
2019-08-23,23.1,23.27,22.879999,22.9,20.867184,916300,366
2019-08-26,23.42,23.440001,23.290001,23.4,21.322798,735800,367
2019-08-27,23.530001,23.59,23.280001,23.309999,21.240788,687500,368
2019-08-28,23.309999,23.57,23.290001,23.459999,21.377474,656800,369
2019-08-29,23.459999,23.559999,23.379999,23.48,21.395697,560800,370
2019-08-30,23.74,23.790001,23.530001,23.66,21.559717,526800,371
2019-09-03,24.02,24.09,23.969999,24.049999,21.915096,762600,372
2019-09-04,24.209999,24.370001,24.209999,24.33,22.170242,709000,373
2019-09-05,24.77,24.969999,24.77,24.780001,22.580297,596200,374
2019-09-06,25.440001,25.52,25.16,25.219999,22.981239,1685500,375
2019-09-09,25.4,25.610001,25.360001,25.559999,23.291058,893100,376
2019-09-10,25.82,26,25.809999,25.969999,23.664661,739200,377
2019-09-11,26.67,26.700001,26.34,26.540001,24.184063,1210000,378
2019-09-12,26.959999,27.120001,26.9,26.98,24.585007,1275400,379
2019-09-13,27.049999,27.139999,27,27.1,24.694351,560800,380
2019-09-16,27,27.07,26.92,27.01,24.612343,487300,381
2019-09-17,26.83,26.99,26.799999,26.99,24.594114,456800,382
2019-09-18,26.809999,26.809999,26.5,26.540001,24.184063,1316600,383
2019-09-19,26.700001,26.889999,26.620001,26.65,24.284296,692100,384
2019-09-20,26.82,26.959999,26.66,26.68,24.311638,1074700,385
2019-09-23,26.4,26.690001,26.34,26.67,24.302526,705800,386
2019-09-24,26.540001,26.540001,26.16,26.26,23.928917,730500,387
2019-09-25,26.42,26.549999,26.26,26.5,24.147617,717900,388
2019-09-26,26.700001,26.74,26.49,26.610001,24.432247,454800,389
2019-09-27,26.42,26.459999,26.200001,26.26,24.110888,655700,390
2019-09-30,26.040001,26.1,25.92,26.08,23.94562,562800,391
2019-10-01,26.549999,26.58,26.049999,26.15,24.009892,1341000,392
2019-10-02,25.85,25.889999,25.620001,25.709999,23.605896,722900,393
2019-10-03,25.540001,25.73,25.370001,25.73,23.62426,724000,394
2019-10-04,25.76,25.950001,25.719999,25.950001,23.826258,357000,395
2019-10-07,25.549999,25.74,25.51,25.58,23.48654,615600,396
2019-10-08,25.25,25.35,25.15,25.17,23.11009,825200,397
2019-10-09,25.549999,25.690001,25.52,25.620001,23.523264,457700,398
2019-10-10,25.68,25.93,25.65,25.76,23.651808,540800,399
2019-10-11,26.25,26.49,26.25,26.33,24.175161,675700,400
2019-10-14,26.24,26.280001,26.16,26.24,24.092525,429500,401
2019-10-15,26.67,26.879999,26.67,26.780001,24.588335,2169300,402
2019-10-16,26.780001,26.92,26.780001,26.82,24.625057,586800,403
2019-10-17,26.93,26.950001,26.73,26.799999,24.606691,493800,404
2019-10-18,26.74,26.83,26.67,26.690001,24.505697,378400,405
2019-10-21,26.639999,26.719999,26.6,26.719999,24.533239,394200,406
2019-10-22,26.74,26.82,26.6,26.620001,24.441423,928500,407
2019-10-23,26.52,26.709999,26.42,26.690001,24.505697,2567300,408
2019-10-24,26.950001,26.99,26.82,26.83,24.634239,514800,409
2019-10-25,26.790001,27.1,26.780001,27.049999,24.836233,559700,410
2019-10-28,27.18,27.27,27.1,27.209999,24.983135,455400,411
2019-10-29,27.48,27.530001,27.379999,27.48,25.231043,421200,412
2019-10-30,27.34,27.42,27.23,27.42,25.175951,414600,413
2019-10-31,27.040001,27.040001,26.83,26.969999,24.762777,352700,414
2019-11-01,27.34,27.540001,27.33,27.469999,25.221859,757200,415
2019-11-04,27.57,27.719999,27.540001,27.68,25.414677,572200,416
2019-11-05,27.73,27.889999,27.73,27.809999,25.534033,352900,417
2019-11-06,27.780001,27.809999,27.59,27.67,25.405493,526500,418
2019-11-07,27.790001,28,27.790001,27.92,25.635031,417300,419
2019-11-08,28.5,28.92,28.34,28.91,26.544012,1168800,420
2019-11-11,29.08,29.290001,29.059999,29.190001,26.801096,828000,421
2019-11-12,29.379999,29.440001,29.129999,29.219999,26.828638,703900,422
2019-11-13,29.42,29.42,29.200001,29.280001,26.883732,720900,423
2019-11-14,28.799999,28.91,28.709999,28.84,26.479742,600800,424
2019-11-15,28.950001,29.059999,28.91,29,26.626646,434500,425
2019-11-18,28.91,28.940001,28.74,28.83,26.470558,1305900,426
2019-11-19,28.82,28.870001,28.719999,28.74,26.387922,945300,427
2019-11-20,28.459999,28.59,28.379999,28.42,26.094112,554500,428
2019-11-21,28.6,28.65,28.4,28.440001,26.112476,482100,429
2019-11-22,28.559999,28.59,28.469999,28.540001,26.204292,348200,430
2019-11-25,28.950001,28.969999,28.83,28.950001,26.58074,430600,431
2019-11-26,28.530001,28.6,28.440001,28.549999,26.21347,394800,432
2019-11-27,28.77,28.77,28.629999,28.709999,26.36038,421000,433
2019-11-29,28.1,28.120001,28.01,28.120001,25.818666,477200,434
2019-12-02,28.23,28.32,27.99,28.07,25.772758,567200,435
2019-12-03,28.110001,28.139999,27.860001,28.1,25.800303,881100,436
2019-12-04,28.440001,28.549999,28.389999,28.52,26.18593,444800,437
2019-12-05,28.709999,28.77,28.58,28.67,26.32365,386600,438
2019-12-06,29,29.09,28.99,29.01,26.635828,498100,439
2019-12-09,28.84,28.9,28.73,28.75,26.397104,337500,440
2019-12-10,28.74,28.83,28.68,28.76,26.406286,376700,441
2019-12-11,28.860001,28.93,28.76,28.860001,26.498102,1302400,442
2019-12-12,28.610001,28.969999,28.51,28.959999,26.58992,746400,443
2019-12-13,29.290001,29.389999,29.120001,29.219999,26.828638,657100,444
2019-12-16,29.309999,29.379999,29.290001,29.35,26.948004,475200,445
2019-12-17,29.25,29.25,29.15,29.18,26.791916,290900,446
2019-12-18,29.059999,29.129999,29.02,29.07,26.690918,343400,447
2019-12-19,28.940001,29.01,28.879999,28.959999,26.58992,344300,448
2019-12-20,28.959999,29.059999,28.870001,28.91,26.544012,331700,449
2019-12-23,28.690001,28.82,28.68,28.82,26.461376,337800,450
2019-12-24,28.610001,28.68,28.549999,28.66,26.314468,157600,451
2019-12-26,28.75,28.780001,28.700001,28.76,26.406286,230000,452
2019-12-27,28.74,28.74,28.549999,28.58,26.424776,336500,453
2019-12-30,28.33,28.469999,28.24,28.27,26.138155,498600,454
2019-12-31,28.24,28.34,28.18,28.309999,26.175137,270500,455
2020-01-02,28.6,28.65,28.459999,28.639999,26.480251,262800,456
2020-01-03,28.25,28.379999,28.08,28.129999,26.008713,663600,457
2020-01-06,27.719999,28.059999,27.719999,28.049999,25.934744,463000,458
2020-01-07,28.389999,28.389999,28.18,28.209999,26.08268,341800,459
2020-01-08,27.99,28.219999,27.99,28.129999,26.008713,264200,460
2020-01-09,28.18,28.18,27.950001,28.030001,25.916258,414700,461
2020-01-10,27.99,27.99,27.690001,27.719999,25.629627,343600,462
2020-01-13,27.82,28.049999,27.75,28.040001,25.925501,376000,463
2020-01-14,27.959999,28.02,27.860001,27.879999,25.777563,407400,464
2020-01-15,27.68,27.719999,27.57,27.610001,25.527927,430600,465
2020-01-16,27.549999,27.639999,27.469999,27.639999,25.555662,393500,466
2020-01-17,27.76,27.790001,27.68,27.780001,25.68511,320200,467
2020-01-21,27.65,27.76,27.51,27.59,25.509436,533200,468
2020-01-22,27.559999,27.58,27.42,27.440001,25.370749,553200,469
2020-01-23,27.49,27.49,27.219999,27.41,25.343006,341000,470
2020-01-24,27.129999,27.190001,26.799999,26.889999,24.862223,526900,471
2020-01-27,26.559999,26.639999,26.42,26.459999,24.464647,432400,472
2020-01-28,26.299999,26.549999,26.16,26.49,24.492386,1288200,473
2020-01-29,26.719999,26.719999,26.549999,26.549999,24.547859,445000,474
2020-01-30,26.26,26.43,26.18,26.41,24.418417,622500,475
2020-01-31,25.860001,25.860001,25.52,25.6,23.669502,797900,476
2020-02-03,25.860001,25.98,25.73,25.889999,23.937632,635300,477
2020-02-04,26.129999,26.200001,26.030001,26.07,24.104055,723900,478
2020-02-05,26.35,26.440001,26.290001,26.309999,24.325958,698500,479
2020-02-06,26.700001,26.73,26.48,26.549999,24.547859,576600,480
2020-02-07,26.370001,27.1,26.32,26.49,24.492386,736300,481
2020-02-10,26.709999,26.73,26.540001,26.719999,24.705038,644200,482
2020-02-11,26.91,27.030001,26.84,26.92,24.889959,450400,483
2020-02-12,27.07,27.16,27,27.16,25.11186,413200,484
2020-02-13,27.07,27.129999,27.030001,27.08,25.037891,438500,485
2020-02-14,26.950001,26.959999,26.709999,26.780001,24.760521,342200,486
2020-02-18,27.09,27.16,26.940001,27.049999,25.010155,422500,487
2020-02-19,27.1,27.15,27.030001,27.08,25.037891,304100,488
2020-02-20,27.290001,27.379999,27.17,27.33,25.269043,493900,489
2020-02-21,27.15,27.18,26.98,27.049999,25.010155,379400,490
2020-02-24,25.950001,26.190001,25.9,26.040001,24.076321,770600,491
2020-02-25,26.370001,26.5,25.709999,25.860001,23.909893,905900,492
2020-02-26,26.469999,26.68,26.209999,26.34,24.353695,1328700,493
2020-02-27,26.34,26.48,25.889999,25.92,23.96537,1583300,494
2020-02-28,25.299999,25.690001,25.059999,25.66,23.724976,1327900,495
2020-03-02,25.549999,25.959999,25.290001,25.950001,23.993107,966600,496
2020-03-03,25.91,26.27,25.33,25.58,23.651011,1454100,497
2020-03-04,25.719999,25.99,25.43,25.98,24.020842,521100,498
2020-03-05,25.59,25.92,25.57,25.780001,23.835928,943600,499
2020-03-06,25.01,25.25,24.870001,25.07,23.179466,882200,500
2020-03-09,23.450001,24.15,23.290001,23.299999,21.542944,1520300,501
2020-03-10,24.23,24.379999,23.610001,24.27,22.439796,2598600,502
2020-03-11,23.9,24.09,23.379999,23.559999,21.783337,2182000,503
2020-03-12,22.370001,22.940001,21.23,21.450001,19.832453,1772600,504
2020-03-13,22.25,22.360001,21.059999,21.98,20.322487,2451300,505
2020-03-16,20.26,21.110001,20.200001,20.26,18.732193,1471800,506
2020-03-17,20.700001,21.370001,19.969999,21.280001,19.675276,1594100,507
2020-03-18,20.66,21.51,20.24,20.969999,19.388649,916700,508
2020-03-19,21.200001,21.5,20.77,21.139999,19.545832,1233400,509
2020-03-20,21.52,21.870001,20.73,20.74,19.175991,1582800,510
2020-03-23,20.51,20.6,19.379999,19.860001,18.362354,2373900,511
2020-03-24,22.07,22.27,21.16,21.74,20.100584,1620200,512
2020-03-25,22.969999,23.280001,22.290001,22.780001,21.062159,1600300,513
2020-03-26,23.09,23.75,23.059999,23.68,21.894289,1100100,514
2020-03-27,22.950001,23.389999,22.790001,23.09,21.539803,661800,515
2020-03-30,23.059999,23.42,22.9,23.41,21.838314,1074300,516
2020-03-31,22.27,22.66,22.09,22.459999,20.952095,1011800,517
2020-04-01,21.190001,21.629999,21.030001,21.08,19.664747,900200,518
2020-04-02,20.559999,20.99,20.43,20.879999,19.478172,1213100,519
2020-04-03,20,20.120001,19.75,19.860001,18.526653,1424600,520
2020-04-06,21.09,21.559999,20.870001,21.48,20.037888,1642100,521
2020-04-07,22.549999,22.719999,21.690001,21.700001,20.243122,1246700,522
2020-04-08,22.1,22.24,21.67,22.129999,20.644251,1027500,523
2020-04-09,22.41,22.67,22.139999,22.33,20.830826,759800,524
2020-04-13,22.139999,22.200001,21.76,21.91,20.439022,681000,525
2020-04-14,22.309999,22.4,21.940001,22.040001,20.560291,860200,526
2020-04-15,21.889999,21.889999,21.360001,21.41,19.972589,1118500,527
2020-04-16,21.16,21.16,20.76,21.01,19.599445,927700,528
2020-04-17,22.530001,22.73,22.35,22.629999,21.110682,1090100,529
2020-04-20,22.42,22.58,22.18,22.33,20.830826,865500,530
2020-04-21,21.98,22.129999,21.77,21.780001,20.317751,952100,531
2020-04-22,22.01,22.030001,21.709999,21.860001,20.39238,528700,532
2020-04-23,22.559999,22.82,22.469999,22.48,20.970751,1063100,533
2020-04-24,22.76,22.84,22.469999,22.73,21.20397,961500,534
2020-04-27,23.450001,23.610001,23.35,23.57,21.987576,1270800,535
2020-04-28,23.549999,23.75,23.32,23.33,21.763687,786300,536
2020-04-29,23.74,24.190001,23.74,23.889999,22.286091,670300,537
2020-04-30,24.42,24.42,23.799999,24.049999,22.435347,1008800,538
2020-05-01,22.92,23.09,22.83,22.940001,21.399868,733900,539
2020-05-04,22.6,22.799999,22.459999,22.709999,21.18531,549400,540
2020-05-05,23.030001,23.09,22.84,22.870001,21.334572,420000,541
2020-05-06,23.02,23.09,22.83,22.85,21.31591,343700,542
2020-05-07,22.73,22.969999,22.73,22.790001,21.259943,479800,543
2020-05-08,23.75,23.969999,23.68,23.969999,22.360718,602800,544
2020-05-11,24.059999,24.120001,23.84,23.98,22.370047,1264300,545
2020-05-12,23.290001,23.309999,22.620001,22.709999,21.18531,1050200,546
2020-05-13,23.549999,23.549999,22.74,23.049999,21.502483,1545600,547
2020-05-14,22.370001,22.690001,22.040001,22.67,21.147997,1151600,548
2020-05-15,22.690001,22.969999,22.690001,22.940001,21.399868,613300,549
2020-05-18,23.5,23.959999,23.450001,23.870001,22.267433,907500,550
2020-05-19,23.85,23.959999,23.67,23.700001,22.108847,977300,551
2020-05-20,24.049999,24.27,23.969999,24.110001,22.49132,603400,552
2020-05-21,23.84,24,23.639999,23.73,22.136831,608800,553
2020-05-22,23.66,23.700001,23.43,23.610001,22.024889,709700,554
2020-05-26,25.42,26.02,25.4,25.99,24.2451,3942500,555
2020-05-27,26.450001,26.68,26.33,26.57,24.786161,2302400,556
2020-05-28,26.85,27.08,26.76,26.860001,25.056692,3798600,557
2020-05-29,25.98,26.16,25.76,26.049999,24.301073,1039700,558
2020-06-01,26,26.469999,25.93,26.370001,24.59959,1238300,559
2020-06-02,26.52,26.620001,26.4,26.469999,24.692875,646700,560
2020-06-03,26.799999,27.129999,26.790001,27,25.187292,526600,561
2020-06-04,26.879999,27.139999,26.780001,26.93,25.121992,672900,562
2020-06-05,28.120001,28.379999,27.9,27.98,26.101498,929000,563
2020-06-08,27.98,28.09,27.799999,28.09,26.204113,606700,564
2020-06-09,27.629999,27.940001,27.51,27.799999,25.933582,484200,565
2020-06-10,28.09,28.09,27.700001,27.93,26.054855,819000,566
2020-06-11,26.469999,26.530001,25.690001,25.790001,24.058529,864700,567
2020-06-12,26.549999,26.610001,26.030001,26.41,24.636904,1275300,568
2020-06-15,25.620001,26.459999,25.59,26.33,24.562277,1052400,569
2020-06-16,27.450001,27.76,27.01,27.299999,25.467148,684800,570
2020-06-17,27.34,27.43,27.120001,27.219999,25.392521,370200,571
2020-06-18,27.129999,27.299999,27.07,27.27,25.439165,374100,572
2020-06-19,27.15,27.26,26.74,26.75,24.954079,856700,573
2020-06-22,26.809999,27.01,26.620001,26.950001,25.140652,488600,574
2020-06-23,27.309999,27.309999,26.98,26.99,25.177963,936700,575
2020-06-24,26.73,26.73,26.26,26.290001,24.524961,756800,576
2020-06-25,25.98,26.290001,25.92,26.25,24.487646,1079900,577
2020-06-26,25.85,25.860001,25.200001,25.33,23.701647,1634900,578
2020-06-29,25.48,25.690001,25.379999,25.58,23.935577,716800,579
2020-06-30,25.59,25.629999,25.42,25.559999,23.916861,571800,580
2020-07-01,25.18,25.440001,25.15,25.370001,23.739075,694500,581
2020-07-02,25.870001,26.1,25.780001,25.83,24.169504,521300,582
2020-07-06,26.219999,26.219999,26.059999,26.15,24.468933,727600,583
2020-07-07,25.969999,25.99,25.66,25.67,24.019787,354800,584
2020-07-08,25.4,25.51,25.25,25.370001,23.739075,400800,585
2020-07-09,25.43,25.43,24.92,25.02,23.411575,401100,586
2020-07-10,24.84,25.309999,24.83,25.280001,23.654863,1268600,587
2020-07-13,26.1,26.129999,25.780001,25.82,24.160145,782900,588
2020-07-14,25.82,25.99,25.620001,25.950001,24.281792,412300,589
2020-07-15,26.57,26.629999,26.309999,26.5,24.796432,852100,590
2020-07-16,26.450001,26.57,26.299999,26.440001,24.74029,440400,591
2020-07-17,26.35,26.370001,26.15,26.23,24.543789,406100,592
2020-07-20,26.1,26.25,26.08,26.219999,24.534433,342800,593
2020-07-21,25.85,26.059999,25.809999,25.870001,24.206932,976400,594
2020-07-22,25.860001,26.030001,25.84,25.969999,24.300503,297700,595
2020-07-23,25.969999,26.190001,25.860001,25.879999,24.216288,491300,596
2020-07-24,25.809999,25.92,25.68,25.73,24.075932,372700,597
2020-07-27,26.049999,26.17,25.93,26.120001,24.440859,408000,598
2020-07-28,25.719999,25.92,25.690001,25.809999,24.150787,687100,599
2020-07-29,25.43,25.83,25.4,25.799999,24.141432,945400,600
2020-07-30,25.07,25.35,24.950001,25.309999,23.682932,483500,601
2020-07-31,24.41,24.459999,24.15,24.35,22.784647,955400,602
2020-08-03,24.620001,25.139999,24.57,25.08,23.467718,649500,603
2020-08-04,25.860001,26.040001,25.77,25.959999,24.291147,645300,604
2020-08-05,25.639999,25.690001,25.32,25.610001,23.963646,774100,605
2020-08-06,25.049999,25.27,25.040001,25.24,23.61743,767100,606
2020-08-07,24.27,24.68,24.139999,24.67,23.084074,1446800,607
2020-08-10,24.780001,24.99,24.73,24.879999,23.280573,1309200,608
2020-08-11,25.82,25.870001,25.549999,25.59,23.944933,676000,609
2020-08-12,26.030001,26.17,25.91,25.91,24.244358,514500,610
2020-08-13,25.77,25.879999,25.540001,25.59,23.944933,344200,611
2020-08-14,25.360001,25.57,25.27,25.43,23.795218,512000,612
2020-08-17,25.84,25.9,25.59,25.74,24.085289,1469800,613
2020-08-18,25.719999,25.809999,25.549999,25.57,23.926218,459700,614
2020-08-19,25.76,25.799999,25.5,25.52,23.879433,348600,615
2020-08-20,25.1,25.15,24.879999,25.02,23.411575,618300,616
2020-08-21,24.959999,24.98,24.75,24.93,23.32736,582800,617
2020-08-24,25,25.23,24.98,25.17,23.551929,633700,618
2020-08-25,25.459999,25.52,25.360001,25.469999,23.832644,631600,619
2020-08-26,25.559999,25.719999,25.48,25.719999,24.066574,784300,620
2020-08-27,25.52,25.559999,25.290001,25.360001,23.729719,666800,621
2020-08-28,25.65,25.719999,25.48,25.709999,24.057217,444200,622
2020-08-31,25.6,25.74,25.379999,25.58,23.935577,686200,623
2020-09-01,25.41,25.540001,25.32,25.440001,23.804575,525000,624
2020-09-02,25.32,25.49,25.27,25.469999,23.832644,540900,625
2020-09-03,25.620001,25.700001,25.049999,25.290001,23.664219,1125900,626
2020-09-04,25.879999,26.110001,25.51,26.01,24.337933,684100,627
2020-09-08,25.299999,25.549999,25.16,25.35,23.72036,847000,628
2020-09-09,25.07,25.42,25.07,25.290001,23.664219,824100,629
2020-09-10,25.16,25.34,24.91,24.93,23.32736,569300,630
2020-09-11,25.08,25.08,24.889999,25.049999,23.439646,536500,631
2020-09-14,25.32,25.42,25.290001,25.34,23.711002,347200,632
2020-09-15,25.65,25.68,25.49,25.540001,23.898146,456300,633
2020-09-16,25.07,25.139999,24.959999,24.969999,23.364786,726600,634
2020-09-17,24.700001,25.08,24.700001,24.93,23.32736,511300,635
2020-09-18,25.01,25.01,24.690001,24.719999,23.130857,779000,636
2020-09-21,24.25,24.280001,23.9,24.219999,22.663002,925800,637
2020-09-22,24.25,24.450001,24.209999,24.370001,22.803362,599700,638
2020-09-23,24.360001,24.370001,24.040001,24.049999,22.503929,1224100,639
2020-09-24,23.200001,23.549999,23.1,23.34,21.839575,1068000,640
2020-09-25,23.459999,23.459999,23.24,23.440001,21.933146,653200,641
2020-09-28,23.5,23.76,23.5,23.66,22.28159,781500,642
2020-09-29,23.41,23.48,23.309999,23.379999,22.017902,585400,643
2020-09-30,23.59,23.84,23.57,23.700001,22.319262,595500,644
2020-10-01,23.639999,23.74,23.57,23.700001,22.319262,461100,645
2020-10-02,23.73,24.15,23.65,24.120001,22.714794,668100,646
2020-10-05,24.41,24.459999,24.32,24.42,22.997313,430000,647
2020-10-06,24.75,24.860001,24.43,24.48,23.053818,597200,648
2020-10-07,24.790001,24.879999,24.709999,24.809999,23.364592,366400,649
2020-10-08,24.68,24.74,24.610001,24.68,23.242167,414000,650
2020-10-09,24.52,24.58,24.33,24.379999,22.959644,694500,651
2020-10-12,24.190001,24.24,24.059999,24.209999,22.799549,549000,652
2020-10-13,24.209999,24.209999,24.030001,24.08,22.67712,350700,653
2020-10-14,24.1,24.129999,24,24,22.601782,387700,654
2020-10-15,23.799999,24.059999,23.709999,24.059999,22.658285,350000,655
2020-10-16,24.16,24.35,24.110001,24.24,22.827799,395500,656
2020-10-19,24.459999,24.559999,24.34,24.42,22.997313,574400,657
2020-10-20,24.370001,24.629999,24.370001,24.51,23.082069,596600,658
2020-10-21,24.76,24.950001,24.719999,24.809999,23.364592,345800,659
2020-10-22,24.58,24.67,24.48,24.610001,23.176243,313300,660
2020-10-23,24.639999,24.83,24.57,24.790001,23.345757,504800,661
2020-10-26,24.559999,24.690001,24.379999,24.459999,23.034983,449900,662
2020-10-27,24.290001,24.290001,24.09,24.120001,22.714794,703400,663
2020-10-28,23.65,23.66,23.23,23.26,21.904896,835600,664
2020-10-29,23.639999,23.889999,23.49,23.809999,22.42285,438600,665
2020-10-30,23.559999,23.74,23.52,23.620001,22.243921,436400,666
2020-11-02,24.26,24.370001,24.17,24.23,22.81838,547700,667
2020-11-03,24.719999,24.870001,24.41,24.49,23.063236,762900,668
2020-11-04,24.440001,24.6,24.219999,24.360001,22.940809,756700,669
2020-11-05,24.52,24.91,24.5,24.860001,23.41168,922500,670
2020-11-06,25.75,26.49,25.639999,26.360001,24.824291,1150500,671
2020-11-09,27.950001,27.959999,27.459999,27.549999,25.944962,723200,672
2020-11-10,28,28.219999,27.959999,28.059999,26.425251,925900,673
2020-11-11,28.620001,28.639999,28.26,28.360001,26.707773,903700,674
2020-11-12,27.9,28.049999,27.68,27.780001,26.161566,526700,675
2020-11-13,27.82,28.280001,27.799999,28.209999,26.566511,410900,676
2020-11-16,29.25,29.52,29.129999,29.48,27.76252,752800,677
2020-11-17,29.16,29.379999,29.1,29.190001,27.489418,1041000,678
2020-11-18,28.6,28.969999,28.52,28.58,26.914955,628900,679
2020-11-19,28.43,28.57,28.32,28.450001,26.79253,409400,680
2020-11-20,28.809999,28.889999,28.620001,28.780001,27.103306,708000,681
2020-11-23,29.200001,29.33,29.07,29.110001,27.414076,566100,682
2020-11-24,29.639999,29.799999,29.5,29.73,27.997957,687100,683
2020-11-25,29.23,29.379999,29.040001,29.35,27.640097,733800,684
2020-11-27,28.799999,29.02,28.719999,28.75,27.07505,458300,685
2020-11-30,28.1,28.15,27.709999,27.719999,26.105055,959200,686
2020-12-01,27.879999,28.48,27.860001,28.360001,26.707773,1150900,687
2020-12-02,29.110001,29.290001,28.76,29.129999,27.432913,968200,688
2020-12-03,29.68,29.68,29.32,29.35,27.640097,596800,689
2020-12-04,30,30.209999,29.889999,30.18,28.421741,671700,690
2020-12-07,29.91,29.969999,29.719999,29.809999,28.073296,515400,691
2020-12-08,29.57,29.74,29.540001,29.68,27.950871,371500,692
2020-12-09,30,30.18,29.799999,29.969999,28.223974,554200,693
2020-12-10,29.58,29.790001,29.5,29.559999,27.83786,388700,694
2020-12-11,29.360001,29.459999,29.190001,29.34,27.630678,597000,695
2020-12-14,29.379999,29.57,29.23,29.24,27.536505,662800,696
2020-12-15,29.59,29.780001,29.459999,29.65,27.922619,471400,697
2020-12-16,29.620001,29.620001,29.43,29.459999,27.743689,411800,698
2020-12-17,29.389999,29.530001,29.309999,29.32,27.611843,484800,699
2020-12-18,29.93,29.959999,29.530001,29.75,28.01679,1076000,700
2020-12-21,28.76,29.059999,28.68,29,27.310488,480500,701
2020-12-22,29.01,29.01,28.629999,28.809999,27.131556,623700,702
2020-12-23,28.280001,28.790001,28.24,28.690001,27.018549,666300,703
2020-12-24,28.52,28.65,28.51,28.559999,26.89612,209700,704
2020-12-28,28.309999,28.77,28.309999,28.4,26.745443,516200,705
2020-12-29,28.309999,28.4,28.209999,28.219999,26.754921,474300,706
2020-12-30,28.030001,28.370001,28.02,28.16,26.698036,656600,707
2020-12-31,28.280001,28.34,28.15,28.25,26.783365,370600,708
2021-01-04,28,28.08,27.549999,27.76,26.318806,807300,709
2021-01-05,27.450001,27.719999,27.379999,27.6,26.16711,697800,710
2021-01-06,28.049999,28.43,27.969999,28.24,26.773886,770600,711
2021-01-07,28.219999,28.27,28,28.17,26.70752,515700,712
2021-01-08,28.309999,28.35,27.92,28.18,26.716999,557900,713
2021-01-11,27.879999,28.23,27.809999,28.15,26.688557,523300,714
2021-01-12,27.82,28.120001,27.799999,28,26.546345,522800,715
2021-01-13,28.15,28.190001,27.950001,28.030001,26.574789,401100,716
2021-01-14,28.15,28.450001,28.07,28.25,26.783365,468000,717
2021-01-15,27.41,27.49,27.139999,27.4,25.977497,868100,718
2021-01-19,27.370001,27.65,27.309999,27.48,26.053341,967900,719
2021-01-20,27.75,27.969999,27.639999,27.950001,26.498941,946700,720
2021-01-21,28.049999,28.530001,27.98,28.25,26.783365,883300,721
2021-01-22,27.68,27.719999,27.4,27.59,26.157631,936100,722
2021-01-25,27.27,27.35,26.92,27.24,25.8258,690100,723
2021-01-26,27.370001,27.49,27.32,27.379999,25.95853,723300,724
2021-01-27,27.139999,27.139999,26.77,26.82,25.427605,1328400,725
2021-01-28,26.879999,27.15,26.790001,26.950001,25.550858,838100,726
2021-01-29,26.76,26.790001,26.33,26.48,25.105255,697200,727
2021-02-01,26.610001,26.639999,26.4,26.51,25.133699,624200,728
2021-02-02,26.85,26.950001,26.700001,26.85,25.456047,529500,729
2021-02-03,27.450001,27.66,27.379999,27.65,26.214516,498400,730
2021-02-04,27.809999,27.84,27.65,27.809999,26.366209,355000,731
2021-02-05,28.200001,28.280001,27.98,28.190001,26.72648,432400,732
2021-02-08,28.59,28.799999,28.530001,28.76,27.26689,447400,733
2021-02-09,29.110001,29.700001,29.08,29.639999,28.101202,1010200,734
2021-02-10,29.99,29.99,29.540001,29.639999,28.101202,826400,735
2021-02-11,29.66,29.68,29.370001,29.58,28.044319,731100,736
2021-02-12,28.83,29.309999,28.799999,29.16,27.646122,581100,737
2021-02-16,29.049999,29.15,28.91,28.98,27.475466,748400,738
2021-02-17,29.059999,29.24,29.01,29.200001,27.684046,601400,739
2021-02-18,28.92,28.93,28.540001,28.700001,27.210005,817300,740
2021-02-19,28.5,28.75,28.450001,28.49,27.010906,583100,741
2021-02-22,28.25,28.35,27.84,27.889999,26.442055,1222500,742
2021-02-23,27.969999,28.129999,27.290001,28.040001,26.58427,1497500,743
2021-02-24,28.459999,28.879999,28.32,28.799999,27.30481,3950600,744
2021-02-25,28.719999,28.85,28.059999,28.209999,26.745443,1544400,745
2021-02-26,28,28,27.27,27.67,26.233477,1543200,746
2021-03-01,28.299999,28.6,28.209999,28.48,27.001423,941600,747
2021-03-02,28.280001,28.639999,28.190001,28.4,26.925579,1030900,748
2021-03-03,28.959999,29.190001,28.870001,28.879999,27.380659,991100,749
2021-03-04,28.65,28.940001,28.25,28.6,27.115196,1597600,750
2021-03-05,28.950001,29.450001,28.870001,29.389999,27.86418,1462200,751
2021-03-08,29.360001,29.790001,29.32,29.48,27.949509,1345700,752
2021-03-09,30.02,30.18,29.82,30.02,28.461475,1003800,753
2021-03-10,29.889999,30.01,29.610001,29.98,28.42355,692000,754
2021-03-11,29.700001,29.76,29.440001,29.67,28.129644,848800,755
2021-03-12,29.540001,29.809999,29.52,29.77,28.224455,471300,756
2021-03-15,30.209999,30.540001,30.209999,30.540001,28.954477,710400,757
2021-03-16,30.629999,30.75,30.540001,30.57,28.98292,775800,758
2021-03-17,30.35,30.719999,30.15,30.639999,29.049286,781300,759
2021-03-18,30.48,30.99,30.42,30.690001,29.096691,1831300,760
2021-03-19,31.620001,31.92,31.34,31.85,30.196466,1372900,761
2021-03-22,31.02,31.049999,30.780001,30.93,29.32423,867400,762
2021-03-23,30.370001,30.49,29.959999,30.030001,28.470955,895200,763
2021-03-24,30.09,30.4,30.049999,30.139999,28.575245,923300,764
2021-03-25,30.02,30.299999,29.83,30.25,28.679533,638500,765
2021-03-26,30.34,30.49,30.18,30.450001,28.869152,394600,766
2021-03-29,30.24,30.440001,30.190001,30.24,29.042019,453000,767
2021-03-30,30.09,30.450001,30.040001,30.33,29.128456,499400,768
2021-03-31,30.190001,30.35,30.040001,30.200001,29.003605,605800,769
2021-04-01,30.139999,30.139999,29.83,30.07,28.878754,486500,770
2021-04-05,30.190001,30.5,30.1,30.43,29.224493,813800,771
2021-04-06,29.33,29.690001,29.139999,29.610001,28.436977,1066800,772
2021-04-07,29.65,30.049999,29.639999,29.92,28.734695,1169000,773
2021-04-08,29.75,29.75,29.43,29.469999,28.302523,876200,774
2021-04-09,29.450001,29.700001,29.41,29.68,28.504206,701500,775
2021-04-12,29.719999,29.950001,29.709999,29.780001,28.600245,739700,776
2021-04-13,29.969999,30.01,29.690001,29.91,28.725092,760000,777
2021-04-14,30.1,30.530001,30,30.389999,29.186079,640700,778
2021-04-15,30.6,30.620001,30.43,30.59,29.378155,704500,779
2021-04-16,30.68,30.77,30.540001,30.67,29.454985,573900,780
2021-04-19,30.9,30.92,30.6,30.68,29.464588,526200,781
2021-04-20,30.25,30.26,29.84,29.889999,28.705885,730600,782
2021-04-21,29.639999,30.08,29.610001,30.049999,28.859547,464000,783
2021-04-22,30.1,30.450001,29.889999,30.24,29.042019,1190800,784
2021-04-23,30.219999,30.48,30.059999,30.43,29.224493,1116600,785
2021-04-26,30.57,30.700001,30.48,30.52,29.310928,402000,786
2021-04-27,30.09,30.25,30.02,30.18,28.984396,872900,787
2021-04-28,30.16,30.42,30.1,30.4,29.195681,776300,788
2021-04-29,30.51,30.52,30.09,30.370001,29.16687,3718600,789
2021-04-30,30,30.049999,29.709999,29.82,28.638659,1581100,790
2021-05-03,30.02,30.190001,29.959999,30.1,28.907566,770800,791
2021-05-04,30.139999,30.139999,29.74,29.889999,28.705885,644300,792
2021-05-05,30.129999,30.459999,30.129999,30.280001,29.080437,1480900,793
2021-05-06,30.469999,30.67,30.309999,30.66,29.445381,954800,794
2021-05-07,30.77,31.049999,30.67,30.93,29.704685,704500,795
2021-05-10,31.5,31.530001,31.290001,31.299999,30.060026,672800,796
2021-05-11,30.93,30.99,30.26,30.52,29.310928,1258300,797
2021-05-12,30.299999,30.41,29.780001,29.85,28.667469,1609700,798
2021-05-13,29.959999,30.610001,29.92,30.51,29.301323,788400,799
2021-05-14,30.459999,30.52,30.02,30.25,29.051624,908600,800
2021-05-17,29.73,29.91,29.459999,29.9,28.71549,988400,801
2021-05-18,30.52,30.780001,30.360001,30.51,29.301323,1148300,802
2021-05-19,30.23,30.43,30.049999,30.360001,29.157267,819700,803
2021-05-20,30.360001,30.73,30.200001,30.629999,29.416569,1158400,804
2021-05-21,30.709999,31.08,30.540001,30.98,29.752703,1934700,805
2021-05-24,31.08,31.26,30.950001,31.1,29.86795,970900,806
2021-05-25,30.75,30.76,30.309999,30.379999,29.176474,1535500,807
2021-05-26,30.290001,30.610001,30.24,30.48,29.272511,836500,808
2021-05-27,30.809999,31.049999,30.799999,30.98,29.752703,1088900,809
2021-05-28,31.450001,31.469999,31.18,31.26,30.021612,869300,810
2021-06-01,30.9,31.219999,30.9,31.129999,29.896761,997800,811
2021-06-02,32,32.41,31.92,32.310001,31.030016,1042600,812
2021-06-03,32.48,33.09,32.419998,33.060001,31.750309,1072800,813
2021-06-04,33.130001,33.220001,32.889999,33.200001,31.884756,882400,814
2021-06-07,32.959999,33.009998,32.75,32.860001,31.558226,564900,815
2021-06-08,32.93,32.93,32.720001,32.869999,31.567831,599000,816
2021-06-09,32.950001,32.950001,32.700001,32.830002,31.529417,599600,817
2021-06-10,32.860001,32.959999,32.68,32.740002,31.442982,690100,818
2021-06-11,32.959999,33.32,32.900002,33.139999,31.827133,1038400,819
2021-06-14,32.700001,32.740002,32.43,32.610001,31.318132,680900,820
2021-06-15,32.790001,32.91,32.709999,32.799999,31.500603,423600,821
2021-06-16,32.98,33.049999,32.619999,32.799999,31.500603,587900,822
2021-06-17,32.84,32.98,32.330002,32.529999,31.241297,680100,823
2021-06-18,32.099998,32.130001,31.67,31.709999,30.453783,1104600,824
2021-06-21,31.15,31.85,31.02,31.700001,30.444183,846300,825
2021-06-22,31.76,31.82,31.67,31.719999,30.463387,525100,826
2021-06-23,31.610001,31.709999,31.459999,31.639999,30.386559,509900,827
2021-06-24,32.040001,32.099998,31.889999,32.040001,30.770712,711400,828
2021-06-25,32.34,32.560001,32.330002,32.470001,31.18368,583200,829
2021-06-28,32.610001,32.740002,32.349998,32.700001,31.404564,910700,830
2021-06-29,32.459999,32.619999,32.419998,32.52,31.231697,693400,831
2021-06-30,32.240002,32.419998,32.139999,32.18,30.905167,536900,832
2021-07-01,32.18,32.310001,32.119999,32.27,30.9916,483500,833
2021-07-02,32.419998,32.419998,32.27,32.330002,31.049225,323500,834
2021-07-06,32.290001,32.349998,31.809999,32.02,30.751505,597300,835
2021-07-07,32.130001,32.18,31.879999,32.07,30.799522,457300,836
2021-07-08,31.469999,31.59,31.23,31.379999,30.136856,562500,837
2021-07-09,31.73,32.139999,31.719999,32.040001,30.770712,867800,838
2021-07-12,32.189999,32.459999,32.130001,32.349998,31.068428,662800,839
2021-07-13,32.5,32.66,32.380001,32.41,31.126053,550600,840
2021-07-14,32.619999,32.689999,32.360001,32.540001,31.250906,438500,841
2021-07-15,32.080002,32.209999,31.959999,32.07,30.799522,474900,842
2021-07-16,32.150002,32.150002,31.620001,31.65,30.396162,403100,843
2021-07-19,31.33,31.530001,30.780001,31.07,29.839138,753400,844
2021-07-20,31.049999,31.629999,30.93,31.52,30.271313,652000,845
2021-07-21,31.549999,31.84,31.49,31.67,30.415369,575200,846
2021-07-22,31.700001,31.709999,31.299999,31.309999,30.069632,590300,847
2021-07-23,31.540001,31.59,31.34,31.440001,30.194481,493500,848
2021-07-26,31.59,31.59,31.299999,31.49,30.242498,470300,849
2021-07-27,31.459999,31.459999,31.15,31.280001,30.040821,403400,850
2021-07-28,31.639999,31.91,31.540001,31.83,30.569031,541800,851
2021-07-29,32.23,32.48,32.23,32.360001,31.078035,426400,852
2021-07-30,32.18,32.32,32,32.099998,30.828331,534400,853
2021-08-02,32.5,32.799999,32.349998,32.529999,31.241297,732600,854
2021-08-03,32.77,32.860001,32.369999,32.860001,31.558226,593900,855
2021-08-04,33.049999,33.369999,32.889999,33.150002,31.836737,813100,856
2021-08-05,33.130001,33.27,32.959999,33.150002,31.836737,407500,857
2021-08-06,33.290001,33.419998,33.259998,33.290001,31.971193,397700,858
2021-08-09,33.290001,33.400002,33.139999,33.259998,31.942379,243900,859
2021-08-10,32.869999,32.869999,32.59,32.799999,31.500603,467100,860
2021-08-11,33.060001,33.23,32.98,33.119999,31.807924,444400,861
2021-08-12,32.900002,32.900002,32.529999,32.75,31.452585,403000,862
2021-08-13,32.639999,32.639999,32.459999,32.540001,31.250906,388900,863
2021-08-16,32.330002,32.41,32.099998,32.41,31.126053,663500,864
2021-08-17,32.119999,32.16,31.59,31.780001,30.521013,510900,865
2021-08-18,31.889999,31.889999,31.530001,31.559999,30.309727,451800,866
2021-08-19,31,31.01,30.639999,30.74,29.522211,578600,867
2021-08-20,30,30.15,29.75,29.799999,28.61945,1974300,868
2021-08-23,30.120001,30.200001,29.809999,30.110001,28.917171,624300,869
2021-08-24,30.1,30.34,30.049999,30.200001,29.003605,502000,870
2021-08-25,30.07,30.190001,29.879999,30.1,28.907566,443300,871
2021-08-26,29.91,29.91,29.35,29.389999,28.225693,1052900,872
2021-08-27,29.530001,29.870001,29.530001,29.85,28.667469,484700,873
2021-08-30,30.02,30.049999,29.809999,29.879999,28.696281,620400,874
2021-08-31,30.110001,30.4,30.07,30.26,29.061228,665000,875
2021-09-01,30.440001,30.58,30.360001,30.450001,29.2437,670600,876
2021-09-02,30.540001,30.59,30.33,30.459999,29.253304,478800,877
2021-09-03,30.709999,30.84,30.549999,30.82,29.599043,876700,878
2021-09-07,30.99,31.18,30.870001,31.129999,29.896761,463700,879
2021-09-08,31.200001,31.4,30.91,31.18,29.94478,768600,880
2021-09-09,31.07,31.18,30.9,30.91,29.685476,466000,881
2021-09-10,31.08,31.18,30.790001,30.83,29.608646,746300,882
2021-09-13,30.790001,31.030001,30.690001,31.02,29.791121,470100,883
2021-09-14,31.309999,31.35,30.82,30.950001,29.723894,524100,884
2021-09-15,30.91,31.18,30.780001,31.16,29.925571,614000,885
2021-09-16,31.18,31.309999,31.040001,31.200001,29.963991,529100,886
2021-09-17,31.18,31.280001,30.950001,30.98,29.752703,492300,887
2021-09-20,30.4,30.440001,29.99,30.4,29.195681,936100,888
2021-09-21,30.610001,30.780001,30.459999,30.549999,29.339739,521500,889
2021-09-22,30.360001,30.690001,30.309999,30.52,29.310928,616500,890
2021-09-23,30.65,31.040001,30.6,30.799999,29.579834,872400,891
2021-09-24,30.82,31,30.76,30.950001,29.723894,443100,892
2021-09-27,31.15,31.5,31.07,31.469999,30.223291,969000,893
2021-09-28,31.4,31.84,31.08,31.200001,30.339987,1151600,894
2021-09-29,31.5,31.75,31.360001,31.6,30.728958,664200,895
2021-09-30,31.27,31.27,30.65,30.67,29.824594,1028500,896
2021-10-01,30.75,30.84,30.51,30.68,29.834318,625800,897
2021-10-04,30.66,30.969999,30.299999,30.370001,29.532864,955900,898
2021-10-05,30.4,30.709999,30.34,30.559999,29.717625,989700,899
2021-10-06,30.01,30.030001,29.51,29.82,28.998024,1054100,900
2021-10-07,30.049999,30.41,30.01,30.219999,29.386997,860000,901
2021-10-08,30.33,30.43,30.129999,30.35,29.513414,1308600,902
2021-10-11,30.549999,30.889999,30.42,30.42,29.581486,872000,903
2021-10-12,30.33,30.43,30.15,30.16,29.328651,680500,904
2021-10-13,30.200001,30.290001,30.059999,30.059999,29.231407,788600,905
2021-10-14,30.209999,30.35,30.15,30.26,29.425896,562300,906
2021-10-15,30.52,30.790001,30.440001,30.790001,29.941286,803700,907
2021-10-18,30.68,30.85,30.68,30.709999,29.863491,506800,908
2021-10-19,30.610001,30.709999,30.440001,30.57,29.72735,592100,909
2021-10-20,30.5,30.700001,30.389999,30.459999,29.620382,609200,910
2021-10-21,30.139999,30.200001,29.780001,29.92,29.095266,687300,911
2021-10-22,29.959999,30.1,29.74,29.92,29.095266,683600,912
2021-10-25,29.99,30.120001,29.92,30,29.173063,518800,913
2021-10-26,30,30,29.530001,29.559999,28.74519,943400,914
2021-10-27,29.57,29.57,29.18,29.190001,28.385391,1016700,915
2021-10-28,29.52,29.82,29.51,29.700001,28.881332,940400,916
2021-10-29,29.52,29.610001,29.4,29.58,28.764641,893700,917
2021-11-01,30.08,30.42,30.08,30.41,29.57176,879100,918
2021-11-02,30.25,30.299999,30.01,30.27,29.435621,672400,919
2021-11-03,30.24,30.379999,30.129999,30.280001,29.445345,789300,920
2021-11-04,30.549999,30.77,30.43,30.74,29.892664,857400,921
2021-11-05,29.67,29.799999,29.25,29.700001,28.881332,1804900,922
2021-11-08,29.370001,29.6,29.190001,29.549999,28.735466,1335600,923
2021-11-09,29.389999,29.51,29.27,29.35,28.540979,1196400,924
2021-11-10,29,29.280001,28.700001,28.700001,27.908897,2139400,925
2021-11-11,28.690001,28.82,28.469999,28.65,27.860275,1978000,926
2021-11-12,28.84,29.110001,28.780001,29.1,28.297871,1154700,927
2021-11-15,29.24,29.299999,29.139999,29.23,28.424286,845300,928
2021-11-16,29.1,29.120001,28.799999,28.83,28.035313,1019800,929
2021-11-17,28.5,28.57,28.35,28.370001,27.587994,1064400,930
2021-11-18,28.309999,28.360001,28.049999,28.129999,27.354607,1099300,931
2021-11-19,28.940001,29.120001,28.780001,28.98,28.181177,1254300,932
2021-11-22,28.93,29.200001,28.91,29.01,28.210352,889700,933
2021-11-23,29.1,29.23,28.98,29.040001,28.239525,771600,934
2021-11-24,28.450001,28.620001,28.370001,28.559999,27.772755,708400,935
2021-11-26,28.17,28.24,27.75,27.98,27.208742,819900,936
2021-11-29,27.75,27.790001,27.469999,27.59,26.829494,962800,937
2021-11-30,27.51,27.58,27.110001,27.370001,26.615559,1495100,938
2021-12-01,28.190001,28.4,27.719999,27.73,26.965633,1023500,939
2021-12-02,28.040001,28.440001,28.040001,28.41,27.626888,1213500,940
2021-12-03,28.360001,28.41,28.040001,28.219999,27.442125,1130700,941
2021-12-06,28.370001,28.48,28.200001,28.33,27.549095,993200,942
2021-12-07,28.66,28.959999,28.629999,28.889999,28.093658,796800,943
2021-12-08,28.700001,28.700001,28.41,28.42,27.636614,751700,944
2021-12-09,28.209999,28.280001,27.98,28.110001,27.335159,737400,945
2021-12-10,28.25,28.5,28.190001,28.469999,27.685234,857800,946
2021-12-13,27.969999,28.08,27.77,27.77,27.004532,1198000,947
2021-12-14,27.879999,28.24,27.879999,28,27.228191,868300,948
2021-12-15,28.15,28.26,27.9,28.24,27.461576,736500,949
2021-12-16,28.27,28.440001,28.120001,28.15,27.374058,838400,950
2021-12-17,28.24,28.33,27.83,27.860001,27.092051,969200,951
2021-12-20,27.34,27.4,27.120001,27.360001,26.605833,1059700,952
2021-12-21,27.26,27.59,27.26,27.5,26.741974,835300,953
2021-12-22,27.32,27.57,27.209999,27.57,26.810043,711100,954
2021-12-23,27.76,28.129999,27.76,28.08,27.305986,731300,955
2021-12-27,28,28.24,27.9,28.209999,27.432404,723200,956
2021-12-28,28.18,28.35,28.18,28.200001,27.42268,773500,957
2021-12-29,28.219999,28.27,28.139999,28.18,27.403231,608200,958
2021-12-30,28.139999,28.33,28.139999,28.24,27.461576,727100,959
2021-12-31,28.27,28.559999,28.26,28.450001,27.665789,724100,960
2022-01-03,28.620001,28.91,28.620001,28.82,28.025589,1086900,961
2022-01-04,28.9,29.74,28.870001,29.49,28.67712,1818100,962
2022-01-05,29.639999,29.799999,29.27,29.27,28.463186,1220500,963
2022-01-06,29.690001,29.799999,29.370001,29.73,28.910503,871400,964
2022-01-07,29.76,29.790001,29.530001,29.75,28.929953,648100,965
2022-01-10,29.75,29.84,29.299999,29.67,28.852158,1139100,966
2022-01-11,30.139999,30.360001,30.01,30.34,29.503691,809300,967
2022-01-12,30.5,30.66,30.450001,30.639999,29.795422,727600,968
2022-01-13,30.790001,31.120001,30.719999,30.889999,30.03853,1103500,969
2022-01-14,30.41,30.73,30.389999,30.690001,29.844044,951600,970
2022-01-18,30.51,30.6,30.32,30.41,29.57176,1186200,971
2022-01-19,30.379999,30.42,29.76,29.780001,28.959127,1374200,972
2022-01-20,29.9,29.940001,29.440001,29.469999,28.657671,1226900,973
2022-01-21,30.25,30.280001,29.66,29.780001,28.959127,1561100,974
2022-01-24,29.41,29.58,28.879999,29.530001,28.716019,1604600,975
2022-01-25,29.57,30.01,29.26,29.82,28.998024,1510000,976
2022-01-26,29.59,29.68,29.16,29.360001,28.550703,1931900,977
2022-01-27,29.360001,29.530001,28.809999,28.99,28.190903,1554600,978
2022-01-28,28.879999,29.01,28.5,29,28.200626,1238800,979
2022-01-31,29.01,29.559999,28.870001,29.549999,28.735466,1073500,980
2022-02-01,28.91,29.209999,28.85,29.18,28.375666,1229600,981
2022-02-02,29.65,29.82,29.5,29.77,28.949404,1007500,982
2022-02-03,29.959999,30.16,29.85,29.85,29.027197,1009800,983
2022-02-04,29.639999,29.690001,29.370001,29.610001,28.793812,898900,984
2022-02-07,29.620001,29.66,29.41,29.549999,28.735466,993600,985
2022-02-08,29.58,29.639999,29.459999,29.6,28.784088,1058700,986
2022-02-09,30.120001,30.65,30.040001,30.5,29.659281,1554600,987
2022-02-10,31,31.389999,30.73,30.76,29.912113,1398400,988
2022-02-11,30.76,30.92,30.43,30.459999,29.620382,1004200,989
2022-02-14,30.84,31,30.43,30.66,29.814869,1574400,990
2022-02-15,31.35,31.75,31.35,31.719999,30.84565,1197100,991
2022-02-16,32,32.150002,31.74,31.969999,31.088758,1537000,992
2022-02-17,31.82,31.91,31.530001,31.559999,30.690062,1141100,993
2022-02-18,31.799999,31.98,31.690001,31.870001,30.991518,1173700,994
2022-02-22,31.49,31.52,31.049999,31.18,30.320536,1101400,995
2022-02-23,31.309999,31.389999,30.719999,30.77,29.921839,972800,996
2022-02-24,30.43,30.6,30.08,30.57,29.72735,1823600,997
2022-02-25,30.66,31.08,30.629999,31.049999,30.194118,785500,998
2022-02-28,30.379999,30.639999,30.280001,30.559999,29.717625,1342500,999
2022-03-01,30.42,30.49,29.690001,29.82,28.998024,1301700,1000
2022-03-02,29.74,29.74,29.379999,29.610001,28.793812,1572600,1001
2022-03-03,29.290001,29.360001,28.77,28.83,28.035313,1374600,1002
2022-03-04,28.389999,28.57,27.74,28.01,27.237917,1801100,1003
2022-03-07,27.370001,27.440001,26.629999,26.68,25.944576,1707600,1004
2022-03-08,26.559999,26.92,26.16,26.389999,25.662571,1955000,1005
2022-03-09,27.1,27.42,27,27.27,26.518314,1219300,1006
2022-03-10,27.27,27.389999,26.860001,27.18,26.430794,1328400,1007
2022-03-11,27.07,27.139999,26.450001,26.450001,25.720919,1408500,1008
2022-03-14,26.809999,27.01,26.6,26.66,25.925127,1112100,1009
2022-03-15,26.860001,27.18,26.809999,27.16,26.411345,1339200,1010
2022-03-16,27.84,28.280001,27.809999,28.280001,27.500475,1393400,1011
2022-03-17,28.26,28.26,27.93,28.24,27.461576,963200,1012
2022-03-18,28.120001,28.32,27.940001,28.32,27.539371,814600,1013
2022-03-21,28.360001,28.440001,28.09,28.23,27.451851,844100,1014
2022-03-22,28.540001,28.620001,28.43,28.51,27.724134,771800,1015
2022-03-23,28.6,28.700001,28.360001,28.370001,27.587994,660300,1016
2022-03-24,28.42,28.540001,28.17,28.48,27.69496,804400,1017
2022-03-25,28.41,28.49,28.27,28.440001,27.656063,617300,1018
2022-03-28,28.4,28.450001,28.110001,28.200001,27.42268,677800,1019
2022-03-29,29.030001,29.190001,28.870001,29.049999,28.655712,1269000,1020
2022-03-30,28.790001,28.91,28.440001,28.540001,28.152636,940200,1021
2022-03-31,28.59,28.610001,28.24,28.26,27.876436,902600,1022
2022-04-01,28.25,28.33,28.09,28.299999,27.915892,744800,1023
2022-04-04,28.27,28.5,28.18,28.469999,28.083584,706700,1024
2022-04-05,28.040001,28.120001,27.379999,27.42,27.047836,1379700,1025
2022-04-06,26.75,26.99,26.73,26.84,26.47571,1315400,1026
2022-04-07,26.25,26.27,25.77,25.99,25.637245,1925000,1027
2022-04-08,25.91,26.26,25.799999,26.059999,25.706295,1643200,1028
2022-04-11,25.950001,26.27,25.879999,26.040001,25.686567,1343100,1029
2022-04-12,26.059999,26.059999,25.65,25.68,25.331453,1130000,1030
2022-04-13,25.75,25.969999,25.709999,25.969999,25.617516,1007800,1031
2022-04-14,26.02,26.1,25.73,25.75,25.400503,795900,1032
2022-04-18,25.75,26.040001,25.73,25.91,25.558331,1045300,1033
2022-04-19,25.889999,26.24,25.85,26.219999,25.864122,1073700,1034
2022-04-20,26.82,27.049999,26.73,26.76,26.396795,1134300,1035
2022-04-21,26.940001,27.030001,26.42,26.450001,26.091003,1060500,1036
2022-04-22,26.299999,26.32,25.92,25.93,25.57806,1170300,1037
2022-04-25,26.25,26.469999,26.02,26.459999,26.100866,1418900,1038
2022-04-26,26.34,26.440001,25.83,25.83,25.479418,1469000,1039
2022-04-27,25.77,25.9,25.57,25.690001,25.341318,1045100,1040
2022-04-28,26.15,26.540001,25.99,26.450001,26.091003,1382800,1041
2022-04-29,26.549999,26.790001,26.23,26.25,25.893717,1256900,1042
2022-05-02,26.23,26.33,25.92,26.26,25.903582,1008700,1043
2022-05-03,26.370001,26.68,26.32,26.58,26.219238,1000500,1044
2022-05-04,26.57,27.129999,26.41,27.120001,26.751909,774300,1045
2022-05-05,26.77,26.889999,26.209999,26.35,25.992359,1116000,1046
2022-05-06,26.559999,26.91,26.370001,26.68,26.317881,1484900,1047
2022-05-09,26,26.200001,25.629999,25.700001,25.351183,1730300,1048
2022-05-10,25.950001,25.98,25.389999,25.629999,25.282131,1400000,1049
2022-05-11,25.219999,25.51,24.73,24.73,24.394346,1951000,1050
2022-05-12,25.02,25.299999,24.76,25.09,24.749462,1372200,1051
2022-05-13,25.75,25.77,25.27,25.629999,25.282131,1418900,1052
2022-05-16,24.59,24.73,24.4,24.639999,24.305569,2190000,1053
2022-05-17,24.809999,25.209999,24.780001,25.200001,24.857969,1651000,1054
2022-05-18,24.959999,25.049999,24.51,24.540001,24.206926,1463600,1055
2022-05-19,24.67,25.15,24.67,25.01,24.670547,1309900,1056
2022-05-20,25.200001,25.25,24.639999,25.02,24.680412,1365800,1057
2022-05-23,25.08,25.389999,25.040001,25.26,24.917154,1238000,1058
2022-05-24,24.98,25.059999,24.780001,24.950001,24.611362,1251300,1059
2022-05-25,24.4,24.67,24.370001,24.57,24.236519,1508300,1060
2022-05-26,24.709999,25.02,24.690001,24.959999,24.621225,1281600,1061
2022-05-27,24.950001,25.17,24.91,25.15,24.808647,1031100,1062
2022-05-31,24.879999,24.98,24.74,24.9,24.56204,1248600,1063
2022-06-01,25.75,25.83,25.26,25.440001,25.094711,1664100,1064
2022-06-02,25.559999,25.84,25.51,25.84,25.489283,1159700,1065
2022-06-03,25.23,25.24,24.879999,24.959999,24.621225,1206500,1066
2022-06-06,25.27,25.370001,25.120001,25.23,24.88756,1103500,1067
2022-06-07,25.379999,25.610001,25.299999,25.59,25.242676,1111400,1068
2022-06-08,25.379999,25.389999,25.129999,25.190001,24.848104,1019800,1069
2022-06-09,25.290001,25.549999,25.27,25.280001,24.936884,1127700,1070
2022-06-10,25.059999,25.17,24.620001,24.700001,24.364756,1533800,1071
2022-06-13,24.35,24.49,23.93,23.98,23.654526,1874500,1072
2022-06-14,24.25,24.58,24.25,24.469999,24.137875,1681100,1073
2022-06-15,24.5,25.040001,24.5,24.92,24.581768,1422300,1074
2022-06-16,24.6,24.629999,24.18,24.309999,23.980047,1310800,1075
2022-06-17,24.280001,24.450001,24.1,24.35,24.019505,1803700,1076
2022-06-21,24.57,25.18,24.52,25.02,24.680412,1351800,1077
2022-06-22,24.799999,25.25,24.799999,25.129999,24.788918,921700,1078
2022-06-23,25.09,25.09,24.639999,24.84,24.502855,1146300,1079
2022-06-24,24.73,25.049999,24.610001,25.040001,24.70014,919800,1080
2022-06-27,24.549999,24.629999,24.41,24.440001,24.108284,1466800,1081
2022-06-28,24.82,25.209999,24.75,24.780001,24.44367,1573600,1082
2022-06-29,24.639999,24.67,24.379999,24.459999,24.128012,877900,1083
2022-06-30,24.18,24.280001,23.85,24.15,23.82222,1338200,1084
2022-07-01,23.75,24.26,23.73,24.209999,23.881405,1579800,1085
2022-07-05,23.5,23.610001,23.209999,23.610001,23.289549,2126300,1086
2022-07-06,23.48,23.51,23.299999,23.4,23.082399,1289600,1087
2022-07-07,23.709999,24.129999,23.709999,24.08,23.75317,1619700,1088
2022-07-08,24.09,24.290001,24.07,24.16,23.832083,962100,1089
2022-07-11,24.17,24.209999,23.91,23.92,23.595341,894200,1090
2022-07-12,23.9,24.18,23.84,24.040001,23.713713,1100900,1091
2022-07-13,24.110001,24.48,24.110001,24.42,24.088554,1003300,1092
2022-07-14,24,24.139999,23.809999,24.129999,23.80249,1087600,1093
2022-07-15,24.370001,24.73,24.360001,24.620001,24.285841,977700,1094
2022-07-18,24.790001,25.07,24.700001,24.75,24.414076,1549600,1095
2022-07-19,25.1,25.5,25.07,25.5,25.153896,1462700,1096
2022-07-20,25.58,25.58,25.290001,25.33,24.986204,1476200,1097
2022-07-21,25.35,25.639999,25.35,25.639999,25.291996,835300,1098
2022-07-22,25.450001,25.52,25.27,25.459999,25.114439,1335300,1099
2022-07-25,25.66,25.73,25.48,25.620001,25.272268,1001300,1100
2022-07-26,25.32,25.48,25.26,25.27,24.927019,651500,1101
2022-07-27,25.209999,25.469999,25.1,25.389999,25.045389,998900,1102
2022-07-28,25.459999,25.879999,25.389999,25.85,25.499146,1311000,1103
2022-07-29,25.48,25.75,25.35,25.719999,25.370909,1307100,1104
2022-08-01,25.959999,26.389999,25.959999,26.379999,26.021952,1155700,1105
2022-08-02,26.309999,26.41,26.02,26.02,25.66684,859600,1106
2022-08-03,25.93,26.209999,25.540001,25.82,25.469553,1236900,1107
2022-08-04,25.52,25.620001,25.35,25.360001,25.015797,1435200,1108
2022-08-05,25.120001,25.23,24.91,25.02,24.680412,1060500,1109
2022-08-08,25.25,25.32,25.15,25.23,24.88756,843200,1110
2022-08-09,25.200001,25.25,24.92,24.99,24.650818,1269600,1111
2022-08-10,25.889999,26.83,25.85,26.790001,26.426388,1469900,1112
2022-08-11,26.870001,27.35,26.870001,27,26.633537,1189100,1113
2022-08-12,26.93,27.120001,26.75,27.040001,26.672995,1492000,1114
2022-08-15,27.190001,27.34,27.040001,27.23,26.860415,1211400,1115
2022-08-16,27.049999,27.09,26.809999,26.950001,26.584217,1179500,1116
2022-08-17,27.290001,27.4,27.1,27.25,26.880144,933600,1117
2022-08-18,27.200001,27.27,27.1,27.190001,26.820959,731700,1118
2022-08-19,27.08,27.15,26.98,27.049999,26.682858,606500,1119
2022-08-22,26.889999,26.950001,26.639999,26.66,26.298151,1013000,1120
2022-08-23,26.610001,26.9,26.59,26.629999,26.268559,632900,1121
2022-08-24,26.74,27.15,26.57,26.93,26.564487,735700,1122
2022-08-25,26.719999,27.040001,26.639999,27.030001,26.663132,676300,1123
2022-08-26,26.950001,26.969999,26.32,26.34,25.982496,733000,1124
2022-08-29,26.42,26.92,26.42,26.799999,26.436251,1106900,1125
2022-08-30,26.809999,26.879999,26.530001,26.65,26.288288,808200,1126
2022-08-31,26.809999,26.809999,26.5,26.52,26.160053,738100,1127
2022-09-01,26.26,26.26,25.98,26.120001,25.765482,921700,1128
2022-09-02,26.34,26.620001,26.139999,26.17,25.814802,849700,1129
2022-09-06,25.799999,25.799999,25.42,25.57,25.222946,1281500,1130
2022-09-07,25.389999,25.83,25.299999,25.77,25.420233,1067700,1131
2022-09-08,25.58,25.620001,25.27,25.549999,25.203217,1424700,1132
2022-09-09,25.93,26.02,25.809999,25.950001,25.59779,844900,1133
2022-09-12,25.940001,26.190001,25.940001,26.08,25.726025,930400,1134
2022-09-13,25.41,25.65,25.1,25.190001,24.848104,1866500,1135
2022-09-14,25.26,25.33,24.870001,25.040001,24.70014,1135400,1136
2022-09-15,24.889999,25.129999,24.690001,24.790001,24.453533,729600,1137
2022-09-16,24.540001,24.68,24.5,24.57,24.236519,861100,1138
2022-09-19,24.459999,24.84,24.34,24.84,24.502855,980000,1139
2022-09-20,24.540001,24.6,24.309999,24.389999,24.058962,1323400,1140
2022-09-21,24.27,24.290001,23.799999,23.799999,23.476969,1166200,1141
2022-09-22,24.24,24.32,23.870001,23.950001,23.624935,1075500,1142
2022-09-23,23.67,23.709999,23.25,23.52,23.200771,1385300,1143
2022-09-26,23.059999,23.26,22.67,22.809999,22.500406,1618600,1144
2022-09-27,23.219999,23.280001,22.639999,22.84,22.530001,1860700,1145
2022-09-28,22.66,23.059999,22.540001,22.93,22.93,1198400,1146
2022-09-29,22.58,22.690001,22.08,22.190001,22.190001,2066300,1147
2022-09-30,21.879999,21.98,21.530001,21.59,21.59,1739300,1148
2022-10-03,22.17,22.530001,21.98,22.379999,22.379999,1381900,1149
2022-10-04,22.74,22.959999,22.690001,22.940001,22.940001,1478000,1150
2022-10-05,22.58,22.709999,22.379999,22.639999,22.639999,1066500,1151
2022-10-06,22.67,22.75,22.459999,22.52,22.52,1219900,1152
2022-10-07,22.5,22.52,22.200001,22.309999,22.309999,1196600,1153
2022-10-10,22.219999,22.23,21.969999,22.07,22.07,1199900,1154
2022-10-11,21.969999,22.23,21.9,21.92,21.92,1689700,1155
2022-10-12,21.77,21.969999,21.629999,21.76,21.76,1509600,1156
2022-10-13,21.629999,22.35,21.59,22.299999,22.299999,1539900,1157
2022-10-14,22.35,22.35,21.93,22.02,22.02,1380700,1158
2022-10-17,22.25,22.35,22.190001,22.200001,22.200001,1119100,1159
2022-10-18,22.290001,22.290001,21.73,21.940001,21.940001,1715500,1160
2022-10-19,21.799999,21.91,21.57,21.77,21.77,1338400,1161
2022-10-20,21.799999,21.98,21.620001,21.67,21.67,1051500,1162
2022-10-21,21.530001,22.049999,21.440001,22,22,1521400,1163
2022-10-24,21.84,22.08,21.780001,22.02,22.02,1587500,1164
2022-10-25,22.35,22.549999,22.34,22.52,22.52,1868000,1165
2022-10-26,22.780001,22.93,22.65,22.780001,22.780001,1323900,1166
2022-10-27,22.67,22.74,22.5,22.59,22.59,1267300,1167
2022-10-28,22.610001,22.879999,22.530001,22.83,22.83,1044600,1168
2022-10-31,22.690001,22.889999,22.639999,22.82,22.82,1012200,1169
2022-11-01,23.1,23.17,22.799999,22.969999,22.969999,1001800,1170
2022-11-02,23.27,23.43,22.959999,22.969999,22.969999,1331400,1171
2022-11-03,22.85,22.98,22.58,22.870001,22.870001,926500,1172
2022-11-04,23.120001,23.530001,23.120001,23.450001,23.450001,1044700,1173
2022-11-07,23.370001,23.58,23.35,23.49,23.49,1143000,1174
2022-11-08,23.65,23.860001,23.6,23.690001,23.690001,951800,1175
2022-11-09,23.040001,23.040001,22.200001,22.360001,22.360001,1352300,1176
2022-11-10,23.15,23.459999,22.969999,23.440001,23.440001,1018700,1177
2022-11-11,23.68,24.049999,23.629999,23.98,23.98,1083600,1178
2022-11-14,23.559999,23.799999,23.549999,23.6,23.6,890500,1179
2022-11-15,24.040001,24.049999,23.67,23.790001,23.790001,925100,1180
2022-11-16,23.700001,23.73,23.469999,23.540001,23.540001,828800,1181
2022-11-17,23.309999,23.620001,23.219999,23.58,23.58,885000,1182
2022-11-18,23.76,23.860001,23.68,23.780001,23.780001,880800,1183
2022-11-21,23.610001,23.709999,23.58,23.65,23.65,731100,1184
2022-11-22,23.9,24.030001,23.889999,23.98,23.98,685600,1185
2022-11-23,24,24.120001,23.92,24.110001,24.110001,768900,1186
2022-11-25,24.139999,24.5,24.139999,24.43,24.43,558900,1187
2022-11-28,24.219999,24.370001,24.15,24.209999,24.209999,823200,1188
2022-11-29,24,24.23,23.780001,24.1,24.1,1858900,1189
2022-11-30,24.360001,24.530001,23.99,24.5,24.5,940900,1190
2022-12-01,24.5,24.690001,24.450001,24.6,24.6,849500,1191
2022-12-02,24.16,24.23,23.99,24.17,24.17,1209800,1192
2022-12-05,23.91,24,23.75,23.790001,23.790001,1180100,1193
2022-12-06,23.870001,23.940001,23.5,23.700001,23.700001,963800,1194
2022-12-07,23.879999,23.950001,23.77,23.85,23.85,1028500,1195
2022-12-08,23.92,23.93,23.75,23.889999,23.889999,533900,1196
2022-12-09,23.799999,24.08,23.76,23.940001,23.940001,634700,1197
2022-12-12,23.959999,24.07,23.780001,24.02,24.02,1189600,1198
2022-12-13,24.6,24.74,24.23,24.32,24.32,1021300,1199
2022-12-14,24.41,24.450001,23.93,24.07,24.07,1562500,1200
2022-12-15,23.950001,24.01,23.67,23.780001,23.780001,795800,1201
2022-12-16,23.639999,23.799999,23.51,23.57,23.57,1186300,1202
2022-12-19,23.5,23.74,23.4,23.49,23.49,1158800,1203
2022-12-20,23.450001,23.629999,23.43,23.450001,23.450001,1089400,1204
2022-12-21,23.01,23.129999,22.75,22.959999,22.959999,2369100,1205
2022-12-22,23.049999,23.139999,22.709999,22.940001,22.940001,1359100,1206
2022-12-23,22.940001,23.18,22.85,23.120001,23.120001,1106100,1207
2022-12-27,22.879999,23.01,22.77,22.92,22.92,1171200,1208
2022-12-28,22.870001,22.91,22.35,22.35,22.35,1238000,1209
2022-12-29,22.68,22.959999,22.610001,22.9,22.9,1096300,1210
2022-12-30,22.83,22.91,22.780001,22.860001,22.860001,797400,1211
2023-01-03,23.09,23.41,22.959999,23.27,23.27,1878300,1212
2023-01-04,23.389999,23.620001,23.34,23.49,23.49,1247300,1213
2023-01-05,23.120001,23.389999,22.969999,23.27,23.27,1490800,1214
2023-01-06,23.42,24.040001,23.360001,23.959999,23.959999,1016700,1215
2023-01-09,24.09,24.4,23.99,24.129999,24.129999,1177200,1216
2023-01-10,23.99,24.09,23.9,24.08,24.08,858700,1217
2023-01-11,23.790001,24.030001,23.75,23.889999,23.889999,1076400,1218
2023-01-12,23.98,24.16,23.82,24.1,24.1,1187100,1219
2023-01-13,23.74,23.799999,23.440001,23.58,23.58,2437300,1220
2023-01-17,24.02,24.15,23.889999,23.98,23.98,1451100,1221
2023-01-18,24.34,24.34,23.780001,23.799999,23.799999,898300,1222
2023-01-19,23.65,23.709999,23.530001,23.66,23.66,705800,1223
2023-01-20,23.719999,23.98,23.65,23.950001,23.950001,858300,1224
2023-01-23,23.780001,24.25,23.77,24.16,24.16,1403700,1225
2023-01-24,23.940001,24.139999,23.790001,23.950001,23.950001,832400,1226
2023-01-25,24.049999,24.18,24.01,24.09,24.09,1086300,1227
2023-01-26,24.219999,24.32,24.07,24.27,24.27,551700,1228
2023-01-27,24.42,24.639999,24.309999,24.59,24.59,735700,1229
2023-01-30,24.459999,24.52,24.309999,24.34,24.34,1128800,1230
2023-01-31,24.59,24.82,24.549999,24.82,24.82,842800,1231
2023-02-01,24.950001,25.42,24.879999,25.309999,25.309999,1066500,1232
2023-02-02,24.950001,25.299999,24.889999,25.190001,25.190001,1113100,1233
2023-02-03,24.67,24.83,24.540001,24.6,24.6,1387600,1234
2023-02-06,24.52,24.610001,24.33,24.6,24.6,1020100,1235
2023-02-07,24.610001,25,24.5,24.860001,24.860001,996600,1236
2023-02-08,24.52,24.6,24.370001,24.41,24.41,845200,1237
2023-02-09,24.68,24.969999,24.51,24.540001,24.540001,1151600,1238
2023-02-10,24.74,25.209999,24.41,25.129999,25.129999,1597200,1239
2023-02-13,25.25,25.450001,25.18,25.440001,25.440001,1053300,1240
2023-02-14,25.15,25.299999,25.040001,25.200001,25.200001,890100,1241
2023-02-15,25.09,25.26,25.059999,25.219999,25.219999,747200,1242
2023-02-16,25.209999,25.48,25.129999,25.309999,25.309999,727900,1243
2023-02-17,25.4,25.57,25.299999,25.540001,25.540001,832400,1244
2023-02-21,26.030001,26.280001,25.860001,25.9,25.9,2141300,1245
2023-02-22,25.85,25.959999,25.780001,25.82,25.82,870100,1246
2023-02-23,25.959999,26.049999,25.780001,25.889999,25.889999,713000,1247
2023-02-24,25.799999,25.870001,25.639999,25.75,25.75,913900,1248
2023-02-27,26.24,26.360001,26.15,26.17,26.17,1187000,1249
2023-02-28,26.02,26.09,25.940001,25.969999,25.969999,923700,1250
2023-03-01,26.280001,26.4,26.17,26.209999,26.209999,1143000,1251
2023-03-02,25.85,26.1,25.83,26.09,26.09,930900,1252
2023-03-03,26.389999,26.700001,26.34,26.700001,26.700001,1838100,1253
2023-03-06,26.700001,26.75,26.58,26.6,26.6,863700,1254
2023-03-07,26.73,26.74,26.33,26.4,26.4,845800,1255
2023-03-08,26.52,26.639999,26.450001,26.549999,26.549999,623500,1256
2023-03-09,26.77,26.83,26.370001,26.4,26.4,1028500,1257